sq_ft,date,location,description,ceiling_value,value,agency
"3,076",1/22/25,"Miami, FL",Lease end date 2/28/25.,112278,7383,DEPARTMENT OF STATE
"3,068",1/22/25,"Cincinnati, OH",Lease end date 6/30/25. ,75739,30295,BUREAU OF PRISONS
"51,138",1/22/25,"Kansas City, Bureau of Prisons","Lease Termination sent 1/22/25, effective 2/1/26. Tenant will relocate into another local building.",900000,1275000,BUREAU OF PRISONS
"4,599",1/22/25,"O’Fallon, IL, FAS Service Center","Lease Termination sent 1/22/25, effective 4/21/25.",99000,239250,FAS- OFFICE SPAC
"2,983",1/23/25,"Fairborn, OH, FAS","Lease Termination sent 1/23/25, effective 4/22/25. ",51000,80292,FAS- OFFICE SPAC
"119,812",1/27/25,"Atlanta, GA, CDC","Lease Termination sent 1/27/25, effective 5/31/25.",2473060,2060883,CENTER FOR DISEASE CONTROL
"3,719",1/27/25,"Charlottesville, VA",Termination for LVA09326 - agency released space currently vacant. Lease termination is 01/27/2025,124121,0,General Services Administration
"16,632",1/29/25,"White Plains, NY",Lease termination notice sent 1/29/25. Lease will terminate at original expiration on 5/31/25.,511908,162689,SOCIAL SECURITY ADMINISTRATION
"55,043",1/29/25,"Arlington, VA",Lease termination notice sent 1/29/25. Lease has been in holdover and will now terminate on 1/31/25.,2595912,0,General Services Administration
"49,662",1/29/25,"Arlington, VA",Lease termination notice sent 1/29/25. Lease has been in holdover and will now terminate on 1/31/25.,2440578,0,DHS OFFICE OF THE UNDERSECRETARY FOR MANAGEMENT
"5,421",1/29/25,"Middleburg Heights, OH",True Termination- Agency Closed Office,96568,193136,PBS
"845,389",1/30/25,"Washington, DC",Lease termination notice sent 1/30/25. Termination effective at original expiration on 5/14/25.,26357330,7148974,BUREAU OF LABOR STATISTICS
"46,821",1/30/25,"Washington, DC",Lease termination notice sent 1/30/25. Termination effective on 4/30/25.,2087093,1898397,General Services Administration
"3,860",1/30/25,"Springfield, IL",Lease termination notice sent 1/30/25. Termination effective on 4/29/25.,62102,164698,PUBLIC BUILDINGS SERVICE-FIELD OFFICE
"5,598",1/31/2025,"Riverdale Park, MD",True Termination- Consolidation,198065,32559,General Services Administration
0,1/31/2025,"New York, NY",True Termination- Agency Closed Office,1786302,1316480,U.S. IMMIGRATION & CUSTOMS ENFORCEMENT (ICE)
"22,195",1/31/2025,"Washington, DC",True Termination- Move to Federal Space,1052263,1150282,FIELD OFFICES
0,1/31/2025,"New York, NY",True Termination- Agency Closed Office,1834070,2261182,U.S. IMMIGRATION & CUSTOMS ENFORCEMENT (ICE)
"7,852",2/3/2025,"Logan, WV",agency closing office temporarily,196028,45650,SOCIAL SECURITY ADMINISTRATION
"5,255",2/3/2025,"Washington, DC",True Termination- Consolidation,266445,196366,DEPARTMENT OF EDUCATION
"6,610",2/3/2025,"LOS ANGELES, CA",True Termination- Agency Closed Office,463440,0,DOD -WHS
"1,300",2/4/2025,"REHOBOTH BEACH, DE",True Termination- Agency Closed Office,120000,0,General Services Administration
"2,400",2/4/2025,"REHOBOTH BEACH, DE",True Termination- Agency Closed Office,308975,0,DHS UNITED STATES SECRET SERVICE
"2,740",2/4/2025,"REHOBOTH BEACH, DE",True Termination- Agency Closed Office,156300,0,DEFENSE INFORMATION SYSTEMS AGENCY
"2,350",2/4/2025,"WILMINGTON, DE",True Termination- Agency Closed Office,89250,0,DOD -WHS
"2,958",2/4/2025,"CHAMPAIGN, IL",True Termination- Agency Closed Office,57893,0,OFFICE OF THE COMPTROLLER OF THE CURRENCY
"13,441",2/4/2025,"WILMINGTON, DE",True Termination- Agency Closed Office,528160,0,DHS UNITED STATES SECRET SERVICE
"1,000",2/4/2025,"PHILADELPHIA, PA",True Termination- Agency Closed Office,39348,0,DHS UNITED STATES SECRET SERVICE
0,2/4/2025,"WILMINGTON, DE",True Termination- Agency Closed Office,249975,0,DHS UNITED STATES SECRET SERVICE
959,2/4/2025,"LEBANON, NH",True Termination- Agency Closed Office,29098,0,SMALL BUSINESS ADMINISTRATION
330,2/4/2025,"YAKIMA, WA",True Termination- Vacant Space Buyout,2580,0,DRUG ENFORCEMENT ADMINISTRATION
"23,394",2/4/2025,"SEATTLE, WA",True Termination- Move to Federal Space,1046843,946460,GOVERNMENT ACCOUNTABILITY OFFICE
"3,579",2/4/2025,"CARLSBAD, CA",True Termination- Consolidation,116449,0,SOCIAL SECURITY ADMINISTRATION
"1,155",2/5/2025,"JACKSONVILLE, FL",True Termination- Move to Federal Space,27616,6904,DEFENSE COUNTERINTELLIGENCE AND SECURITY AGENCY – DOD W
"1,000",2/5/2025,"MIDDLEBURG HEIGHTS, OH",True Termination- Agency Closed Office,15299,0,General Services Administration
"1,200",1/30/2025,"LOS ANGELES, CA",True Termination- Agency Closed Office,35340,0,DHS UNITED STATES SECRET SERVICE
"16,439",1/30/2025,"LOS ANGELES, CA",True Termination- Agency Closed Office,599399,0,General Services Administration
"46,567",1/30/2025,"PHOENIX, AZ",True Termination- Consolidation,1168475,0,PUBLIC DEFENDER SERVICE
"2,193",1/30/2025,"PHOENIX, AZ",True Termination- Vacant Space Buyout,44990,221199,General Services Administration
"2,551",1/30/2025,"BREA, CA",True Termination- Vacant Space Buyout,73826,0,General Services Administration
"5,560",2/2/2025,"TOPEKA, KS",True Termination- Agency Closed Office,121818,964396,RISK MANAGEMENT AGENCY (RMA)
"4,998",2/4/2025,"ABILENE, TX",True Termination- Agency Closed Office,68743,0,DHS TRANSPORTATION SECURITY ADMINISTRATION
0,2/4/2025,"AUSTIN, TX",True Termination- Agency Closed Office,139440,23240,U.S. IMMIGRATION & CUSTOMS ENFORCEMENT (ICE)
"2,257",2/4/2025,"DAYTON, OH",True Termination- Agency Closed Office,33574,0,UNITED STATES TRUSTEES
351,2/4/2025,"DAVENPORT, IA",True Termination- Agency Closed Office,6435,20376,"EMPLOY. AND TRAIN. ADMIN., BUR. OF APPRENTICESHIP AND T"
"2,871",2/4/2025,"MADISON, WI",True Termination- Agency Closed Office,58142,290709,UNITED STATES FISH AND WILDLIFE SERVICE
"3,201",2/4/2025,"AKRON, OH",True Termination- Move to Federal Space,48404,0,DEFENSE CONTRACT MANAGEMENT AGENCY- NATIONAL
"3,853",2/4/2025,"BIRMINGHAM, AL",True Termination- Move to Federal Space,101211,227725,NATIONAL LABOR RELATIONS BOARD
"23,860",2/4/2025,"MOBILE, AL",True Termination- Agency Direct Lease,722044,0,"CORPS OF ENGINEERS, CIVIL"
"1,120",2/5/2025,"LAS CRUCES, NM",True Termination- Move to Federal Space,27109,6777,VETERANS BENEFITS ADMINISTRATION
"5,300",2/6/2025,"NORTH ANDOVER CENTER, MA",True Termination- Consolidation,115664,67470,DRUG ENFORCEMENT ADMINISTRATION
440,2/6/2025,"FAYETTEVILLE, AR",True Termination- Move to Federal Space,11096,0,"EMPLOYMENT STANDARDS ADMINISTRATION, WAGE AND HOUR DIVI"
"5,624",2/6/2025,"ALBUQUERQUE, NM",True Termination- Consolidation,67317,330975,General Services Administration
982,2/6/2025,"ROANOKE RAPIDS, NC",True Termination- Lease Backfill,24000,0,SOCIAL SECURITY ADMINISTRATION
"3,403",2/6/2025,"BATESVILLE, AR",True Termination- Agency Direct Lease,51045,0,RURAL HOUSING SERVICE
"1,470",2/6/2025,"BATESVILLE, AR",True Termination- Lease Backfill,22050,0,NATURAL RESOURCES CONSERVATION SERVICE
"2,891",2/6/2025,"BATESVILLE, AR",True Termination- Agency Direct Lease,43365,43365,FARM SERVICE AGENCY - COUNTY
"1,934",2/6/2025,"BATESVILLE, AR",True Termination- Agency Direct Lease,29010,0,SOCIAL SECURITY ADMINISTRATION
"3,999",2/6/2025,"COLUMBUS, OH",True Termination- Move to Federal Space,81059,0,SOCIAL SECURITY ADMINISTRATION
"4,276",2/6/2025,"OKEMOS, MI",True Termination- Agency Closed Office,108966,0,SOCIAL SECURITY ADMINISTRATION
"2,325",2/6/2025,"BROKEN BOW, OK",True Termination- Agency Closed Office,30612,58673,UNITED STATES FISH AND WILDLIFE SERVICE
"8,905",2/6/2025,"ADDISON, TX",True Termination- Move to Federal Space,217084,416078,DEFENSE CONTRACT MANAGEMENT AGENCY- LOCAL
"1,717",2/6/2025,"NACOGDOCHES, TX",True Termination- Agency Closed Office,43207,86414,SOCIAL SECURITY ADMINISTRATION
0,2/6/2025,"CARNEGIE, OK",True Termination- Agency Closed Office,2798,6063,BUREAU OF INDIAN AFFAIRS
"124,569",2/7/2025,"FAIRFIELD, OH",True Termination- Agency Closed Office,478213,39851,NATIONAL ARCHIVES CENTERS
"61,371",2/7/2025,"COLUMBUS, OH",True Termination- Move to Federal Space,1512990,0,BANKRUPTCY CLERK
"6,834",2/7/2025,"TOLEDO, OH",True Termination- Move to Federal Space,146733,0,PROBATION
976,2/7/2025,"GREEN BAY, WI",True Termination- Consolidation,26229,0,SOCIAL SECURITY ADMINISTRATION
"3,409",2/7/2025,"EL PASO, TX",True Termination- Move to Federal Space,75290,,GEOLOGICAL SURVEY
"20,000",2/7/2025,"MENLO PARK, CA",True Termination- Agency Direct Lease,1800000,0,GEOLOGICAL SURVEY
"73,573",2/7/2025,"HOFFMAN ESTATES, IL",True Termination- Consolidation,1480913,740457,NATIONAL ARCHIVES CENTERS
555,2/5/2025,"HOUSTON, TX",True Termination- Agency Closed Office,13547,67734,General Services Administration
"2,597",2/7/2025,"MCALLEN, TX",True Termination- Move to Federal Space,79520,258439,General Services Administration
"6,440",2/10/2025,"SANTA MARIA, CA",True Termination- Agency Direct Lease,118513,237027,GEOLOGICAL SURVEY
"30,193",2/10/2025,"WASHINGTON, DC",True Termination- Agency Closed Office,1462643,0,General Services Administration
"18,163",2/11/2025,"BUFFALO, NY",True Termination- Consolidation,548896,0,DEFENSE CONTRACT MANAGEMENT AGENCY- NATIONAL
"37,644",2/11/2025,"BUFFALO, NY",True Termination- Consolidation,1020916,0,NATIONAL LABOR RELATIONS BOARD
"17,593",2/11/2025,"WASHINGTON, DC",True Termination- Agency Closed Office,795617,0,General Services Administration
"2,061",2/12/2025,"WASHINGTON, DC",True Termination- Agency Closed Office,71820,0,General Services Administration
0,2/12/2025,"WASHINGTON, DC",True Termination- Agency Closed Office,42000,0,DHS UNITED STATES SECRET SERVICE
"1,895",2/12/2025,"LAS VEGAS, NV",True Termination- Move to Federal Space,65406,16352,SOCIAL SECURITY ADMINISTRATION
"1,277",2/12/2025,"CHARLOTTE AMALIE, VI",True Termination- Agency Closed Office,67411,0,ENVIRONMENTAL PROTECTION AGENCY
"1,228",2/13/2025,"AUBURN, CA",True Termination- Agency Closed Office,31025,62051,General Services Administration
393,2/13/2025,"MERRILL, WI",True Termination- Agency Closed Office,6067,6067,DEFENSE CONTRACT MANAGEMENT AGENCY- NATIONAL
"66,390",2/13/2025,"WASHINGTON, DC",True Termination- Move to Federal Space,2547874,0,General Services Administration
"59,681",2/13/2025,"WASHINGTON, DC",True Termination- Move to Federal Space,2774013,0,DHS OFFICE OF THE UNDERSECRETARY FOR MANAGEMENT
"15,280",2/13/2025,"LORTON, VA",True Termination- Agency Closed Office,342689,0,General Services Administration
"8,360",2/14/2025,"ATLANTA, GA",True Termination- Move to Federal Space,223483,0,FEDERAL TRADE COMMISSION
"259,130",2/14/2025,"WASHINGTON, DC",True Termination- Lease Backfill,11466505,,FEDERAL TRADE COMMISSION
"1,023",2/14/2025,"CHATTANOOGA, TN",True Termination- Agency Closed Office,19938,0,DHS-CBP FIELD OPERATIONS FACILITIES
"7,682",2/14/2025,"ATLANTA, GA",True Termination- Agency Closed Office,128233,544991,ALLOWANCE TO FORMER PRESIDENTS
"3,392",2/14/2025,"ST. LOUIS, MO",True Termination- Agency Closed Office,85087,0,DEFENSE COUNTERINTELLIGENCE AND SECURITY AGENCY – DOD W
"1,330",2/14/2025,"FOLSOM, CA",True Termination- Agency Closed Office,39208,78417,
"4,045",2/18/2025,"SAINT AUGUSTINE, FL",Agency entering into a license agreement with Northrop Grumman for their space,78878,0,DEFENSE CONTRACT MANAGEMENT AGENCY- NATIONAL
"4,328",2/18/2025,"CRAIG, CO",True Termination- Agency Closed Office,184283,0,MINE SAFETY HEALTH ADMINISTRATION
"1,743",2/19/2025,"ROCKFORD, IL",True Termination- Agency Closed Office,36768,61280,SOCIAL SECURITY ADMINISTRATION
"10,895",2/19/2025,"ROCK ISLAND, IL",Agency moving to Rock Island Leased Courthouse,192352,192352,U.S. IMMIGRATION & CUSTOMS ENFORCEMENT (ICE)
"1,449",2/20/2025,"ST. JOSEPH, MO",True Termination- Consolidation,34252,0,FEDERAL BUREAU OF INVESTIGATION
"88,469",2/20/2025,"ARLINGTON, VA",True Termination- Move to Federal Space,3016102,0,MINE SAFETY HEALTH ADMINISTRATION
"64,471",2/21/2025,"SILVER SPRING, MD",True Termination- Agency Closed Office,2006132,0,
"29,744",2/21/2025,"DERWOOD, MD",True Termination- Agency Closed Office,884357,0,
0,2/21/2025,"HARTFORD, CT",True Termination- Agency Closed Office,8400,23100,"FAS, REG 01 FLEET MANAGEMENT FACILITIES"
"5,736",2/21/2025,"SAN JOSE, CA",True Termination: Agency Approved Termination,306439,1174681,EQUAL EMPLOYMENT OPPORTUNITY COMMISSION
"6,242",2/21/2025,"YREKA, CA",True Termination: Agency Approved Termination,126132,126132,NATURAL RESOURCES CONSERVATION SERVICE
"7,915",2/21/2025,"MISSOULA, MT","Termination details are still being finalized. The lessor and customer have been notified, and the strategy is under development",262922,87641,SOCIAL SECURITY ADMINISTRATION
"7,869",2/21/2025,"WATERTOWN, SD","Termination details are still being finalized. The lessor and customer have been notified, and the strategy is under development.",238328,278049,FARM SERVICE AGENCY - COUNTY
"7,975",2/21/2025,"GRAND JUNCTION, CO","Termination details are still being finalized. The lessor and customer have been notified, and the strategy is under development",273418,432912,SOCIAL SECURITY ADMINISTRATION
"7,699",2/21/2025,"KALISPELL, MT","Termination details are still being finalized. The lessor and customer have been notified, and the strategy is under development",151400,63083,SOCIAL SECURITY ADMINISTRATION
750,2/21/2025,"ST. GEORGE, UT","Termination details are still being finalized. The lessor and customer have been notified, and the strategy is under development.",50400,252000,BUREAU OF INDIAN AFFAIRS
0,2/21/2025,"BISMARCK, ND",True Termination- Agency Closed Office,2016,2520,"FAS, REG 08 FLEET MANAGEMENT FACILITIES"
"14,800",2/21/2025,"FARGO, ND","Termination details are still being finalized. The lessor and customer have been notified, and the strategy is under development.",244940,,FARM SERVICE AGENCY- STATE
"5,950",2/21/2025,"MINOT, ND","Termination details are still being finalized. The lessor and customer have been notified, and the strategy is under development.",163718,586657,SOCIAL SECURITY ADMINISTRATION
"2,190",2/21/2025,"COLLIERVILLE, TN",True Termination- Agency Closed Office,40141,137149,FEDERAL MEDIATION AND CONCILIATION SERVICE
"11,400",2/21/2025,"HORSEHEADS, NY",Agency response on no longer a need for space provided by Portfolio.,311690,0,SOCIAL SECURITY ADMINISTRATION
"16,292",2/21/2025,"SHELBY, MT",True Termination- Agency Closed Office,363559,0,BORDER PATROL FACILITIES
"5,485",2/21/2025,"PORTLAND, OR",Agency indicated they could release this space if replacement space was procured.,132796,0,AGRICULTURAL MARKETING SERVICE
"4,237",2/21/2025,"ST. LOUIS, MO",True Termination- Agency Closed Office,122625,337219,FEDERAL MEDIATION AND CONCILIATION SERVICE
570,2/21/2025,"MELBOURNE, FL",True Termination- Agency Closed Office,8862,,SMALL BUSINESS ADMINISTRATION
315,2/21/2025,"CHICO, CA",True Termination- Agency Closed Office,7560,0,SMALL BUSINESS ADMINISTRATION
"12,926",2/21/2025,"ANNISTON, AL",True Termination- Agency Closed Office,304228,608457,SOCIAL SECURITY ADMINISTRATION
"4,539",2/21/2025,"HERNDON, VA",True Termination- Agency Closed Office,128333,0,BUR OF INDUSTRY & SECURITY
"2,178",2/21/2025,"BUFFALO, NY",End of term,44352,0,FEDERAL MEDIATION AND CONCILIATION SERVICE
"75,000",2/21/2025,"NORTH CHARLESTON, SC",True Termination- Agency Closed Office,725132,0,DEPARTMENT OF AIR FORCE
"12,750",2/21/2025,"CAMPBELLSVILLE, KY",True Termination- Agency Closed Office,295794,1207824,SOCIAL SECURITY ADMINISTRATION
"7,361",2/21/2025,"CULLMAN, AL",True Termination- Agency Closed Office,180784,512221,SOCIAL SECURITY ADMINISTRATION
"5,118",2/21/2025,"MOBILE, AL",True Termination- Agency Closed Office,112596,243958,EQUAL EMPLOYMENT OPPORTUNITY COMMISSION
"1,450",2/21/2025,"GADSDEN, AL",True Termination- Agency Closed Office,32357,67410,SOCIAL SECURITY ADMINISTRATION
"8,919",2/21/2025,"JASPER, AL",True Termination- Agency Closed Office,186411,,SOCIAL SECURITY ADMINISTRATION
"17,844",2/21/2025,"GAINESVILLE, GA",True Termination- Agency Closed Office,506527,1688423,SOCIAL SECURITY ADMINISTRATION
"10,133",2/21/2025,"VIDALIA, GA",True Termination- Agency Closed Office,228757,285947,SOCIAL SECURITY ADMINISTRATION
"9,856",2/21/2025,"BRUNSWICK, GA",True Termination- Agency Closed Office,215383,341023,SOCIAL SECURITY ADMINISTRATION
"11,150",2/21/2025,"THOMASVILLE, GA",True Termination- Agency Closed Office,289139,819228,SOCIAL SECURITY ADMINISTRATION
"3,830",2/24/2025,"Boulder, CO","Termination details are still being finalized. The lessor and customer have been notified, and the strategy is under development.",49575,,GEOLOGICAL SURVEY
600,2/24/2025,"OXFORD, MS",True Termination- Agency Closed Office,9228,16149,UNITED STATES MARSHALS SERVICE
"8,946",2/24/2025,"GRENADA, MS",True Termination- Agency Closed Office,255140,127570,SOCIAL SECURITY ADMINISTRATION
"7,161",2/24/2025,"PEARL, MS",True Termination- Agency Closed Office,112316,,NATURAL RESOURCES CONSERVATION SERVICE
"11,100",2/24/2025,"GREENWOOD, MS",True Termination- Agency Closed Office,263435,504916,SOCIAL SECURITY ADMINISTRATION
"9,796",2/24/2025,"MERIDIAN, MS",True Termination- Agency Closed Office,229983,977426,SOCIAL SECURITY ADMINISTRATION
"14,000",2/24/2025,"POUGHKEEPSIE, NY",End of term planned for 7/31/25.,359135,,SOCIAL SECURITY ADMINISTRATION
"2,250",2/24/2025,"AIKEN, SC",True Termination- Agency Closed Office,42225,200568,SAVANNAH RIVER OPERATIONS OFFICE
"39,235",2/24/2025,"LEXINGTON-FAYETTE, KY",True Termination- Agency Closed Office,786167,917195,FARM SERVICE AGENCY- STATE
"5,846",2/24/2025,"GREENSBORO, NC",True Termination- Agency Closed Office,107197,348390,EQUAL EMPLOYMENT OPPORTUNITY COMMISSION
"7,914",2/24/2025,"ELIZABETH CITY, NC",Per Agency Guideline to Terminate,200937,887470,SOCIAL SECURITY ADMINISTRATION
"30,123",2/24/2025,"GREENSBORO, NC",Early Termination,731294,2376707,NATURAL RESOURCES CONSERVATION SERVICE
"1,652",2/24/2025,"HAZARD, KY",True Termination- Agency Closed Office,38031,3169,SOCIAL SECURITY ADMINISTRATION
"8,727",2/24/2025,"GREENWOOD, SC",True Termination- Agency Closed Office,154546,141668,SOCIAL SECURITY ADMINISTRATION
"9,298",2/24/2025,"LAWTON, OK",Agency confirmed closure is approved,223220,55805,SOCIAL SECURITY ADMINISTRATION
"8,895",2/24/2025,"FRANKLIN, NC",True Termination- Agency Closed Office,276309,1059184,SOCIAL SECURITY ADMINISTRATION
"1,415",2/24/2025,"MELBOURNE, FL",True Termination- Agency Closed Office,59697,263660,SOCIAL SECURITY ADMINISTRATION
"3,900",2/24/2025,"LOWELL, MA",True Termination- Agency Closed Office,44853,149509,NATIONAL PARK SERVICE
"36,752",2/24/2025,"LOWELL, MA",True Termination- Move to Federal Space,1189592,0,INTERNAL REVENUE SERVICE NATIONAL OFFICE
"1,342",2/24/2025,"ABILENE, TX",Agency approved of termination,26261,39391,SOCIAL SECURITY ADMINISTRATION
"13,775",2/25/2025,"GREENVILLE, NC",Per Agency Request to Terminate,374170,997787,SOCIAL SECURITY ADMINISTRATION
"3,974",2/25/2025,"LITTLE ROCK, AR",Agency approved lease termination,85875,0,AGRICULTURAL MARKETING SERVICE
"5,287",2/25/2025,"RALEIGH, NC",True Termination- Move to Federal Space,142636,,"BUR OF ALCOHOL,TOBACCO,FIREARMS & EXPLOSIVES"
"1,920",2/25/2025,"IDAHO FALLS, ID",Termination via Mass Mod,34856,223657,AGRICULTURAL MARKETING SERVICE
"12,774",2/25/2025,"FORREST CITY, AR",Agency approved lease termination,387856,32321,SOCIAL SECURITY ADMINISTRATION
922,2/25/2025,"SEWARD, AK",Termination via Mass Mod,22665,24554,NATIONAL OCEANIC ATMOSPHERIC ADMINISTRATION
"1,595",2/25/2025,"JUNEAU, AK",Termination via Mass Mod,20520,1710,NATIONAL OCEANIC ATMOSPHERIC ADMINISTRATION
"22,428",2/25/2025,"AMHERST, MA",Termination via Mass Mod,484122,80687,NATURAL RESOURCES CONSERVATION SERVICE
"5,712",2/25/2025,"ST. JOHNSBURY, VT",Termination via Mass Mod,137222,160092,NATURAL RESOURCES CONSERVATION SERVICE
"19,716",2/25/2025,"PALMER, AK",Termination via Mass Mod,540911,2839785,RURAL HOUSING SERVICE
460,2/25/2025,"SHOW LOW, AZ",Termination via Mass Mod,11013,6424,SMALL BUSINESS ADMINISTRATION
"1,946",2/25/2025,"MESA, AZ",Termination via Mass Mod,36974,43136,RAILROAD RETIREMENT BOARD
"1,500",2/25/2025,"FREDONIA, AZ",Termination via Mass Mod,22860,0,BUREAU OF INDIAN AFFAIRS
"1,715",2/25/2025,"PALMDALE, CA",Termination via Mass Mod,59748,219076,DEFENSE COUNTERINTELLIGENCE AND SECURITY AGENCY – DOD W
"1,527",2/25/2025,"LOS ANGELES, CA",Termination via Mass Mod,40084,33403,AGRICULTURAL MARKETING SERVICE
"1,303",2/25/2025,"NEW LONDON, CT",Termination via Mass Mod,41732,104330,OFFICE OF ADMINISTRATIVE LAW JUDGES
"1,380",2/25/2025,"STAMFORD, CT",Termination via Mass Mod,71191,308496,ENVIRONMENTAL PROTECTION AGENCY
"1,427",2/25/2025,"HILO, HI",Termination via Mass Mod,70396,310916,INTERNAL REVENUE SERVICE NATIONAL OFFICE
"1,273",2/25/2025,"SUTTON, MA",Termination via Mass Mod,33554,67109,ANIMAL AND PLANT HEALTH INSPECTION SERVICE
"1,160",2/25/2025,"JESSUP, MD",Termination via Mass Mod,30481,91443,AGRICULTURAL MARKETING SERVICE
"1,018",2/25/2025,"VENTNOR CITY, NJ",Termination via Mass Mod,26157,235411,OFFICE OF INSPECTOR GENERAL
"2,000",2/25/2025,"FARMINGTON, NM",Termination via Mass Mod,62677,485746,INDIAN HEALTH SERVICE NAVAJO
"41,676",2/25/2025,"TULSA, OK",Termination via Mass Mod,745987,6340888,OFFICE OF SURFACE MINING AND REGULATION ENFORCEMENT
443,2/25/2025,"STATE COLLEGE, PA",Termination via Mass Mod,12131,45491,"EMPLOYMENT STANDARDS ADMINISTRATION, WAGE AND HOUR DIVI"
612,2/25/2025,"HARLINGEN, TX",Termination via Mass Mod,8748,15310,"EMPLOYMENT STANDARDS ADMINISTRATION, WAGE AND HOUR DIVI"
920,2/25/2025,"UVALDE, TX",Termination via Mass Mod,20070,58538,ANIMAL AND PLANT HEALTH INSPECTION SERVICE
911,2/25/2025,"HAMPTON, VA",Termination via Mass Mod,17890,5963,NATIONAL OCEANIC ATMOSPHERIC ADMINISTRATION
"1,391",2/25/2025,"BRATTLEBORO, VT",Termination via Mass Mod,41238,65294,INTERNAL REVENUE SERVICE NATIONAL OFFICE
"1,525",2/25/2025,"SEFFNER, FL",Termination via Mass Mod,21855,7285,NATIONAL OCEANIC ATMOSPHERIC ADMINISTRATION
"1,209",2/25/2025,"OXNARD, CA",Termination via Mass Mod,53075,75189,NATURAL RESOURCES CONSERVATION SERVICE
"2,324",2/25/2025,"RALEIGH, NC",True Termination- Move to Federal Space,64157,74850,DEPARTMENTAL MANAGEMENT (IG)
648,2/25/2025,"GREENSBORO, NC",True Termination- Agency Closed Office,10928,14571,SMALL BUSINESS ADMINISTRATION
"1,436",2/25/2025,"TEXARKANA, AR",Agency approved lease termination,25643,36328,SOCIAL SECURITY ADMINISTRATION
"4,349",2/25/2025,"WILMINGTON, NC",True Termination- Agency Closed Office,53011,83934,"CORPS OF ENGINEERS, CIVIL"
"13,152",2/25/2025,"HOUMA, LA",Agency approved lease termination,551751,965564,SOCIAL SECURITY ADMINISTRATION
"11,795",2/25/2025,"VICTORIA, TX",Agency approved lease termination,320286,1121001,SOCIAL SECURITY ADMINISTRATION
"9,733",2/25/2025,"SALEM, OR",Termination via Mass Mod,262927,679228,INTERNAL REVENUE SERVICE NATIONAL OFFICE
"20,326",2/25/2025,"ANCHORAGE, AK",Termination via Mass Mod,855176,2209205,GEOLOGICAL SURVEY
"4,446",2/25/2025,"FAIRBANKS, AK",Termination via Mass Mod,144092,84054,NATURAL RESOURCES CONSERVATION SERVICE
"4,200",2/25/2025,"WASILLA, AK",Termination via Mass Mod,100700,562242,NATURAL RESOURCES CONSERVATION SERVICE
"5,179",2/25/2025,"BOISE, ID",Termination via Mass Mod,111193,1019271,FEDERAL HIGHWAY ADMINISTRATION
"2,925",2/25/2025,"IDAHO FALLS, ID",Termination via Mass Mod,52743,8790,INTERNAL REVENUE SERVICE NATIONAL OFFICE
"13,681",2/25/2025,"IDAHO FALLS, ID",Termination via Mass Mod,69756,488290,NATIONAL OCEANIC ATMOSPHERIC ADMINISTRATION
"6,589",2/25/2025,"SALEM, OR",Termination via Mass Mod,158557,924916,FEDERAL HIGHWAY ADMINISTRATION
"2,200",2/25/2025,"SALEM, OR",Termination via Mass Mod,50786,283555,FEDERAL MOTOR CARRIER SAFETY ADMINISTRATION
"3,386",2/25/2025,"BEND, OR",Termination via Mass Mod,94681,725888,BUREAU OF RECLAMATION
"6,849",2/25/2025,"CORVALLIS, OR",Termination via Mass Mod,202142,1414992,GEOLOGICAL SURVEY
"6,156",2/25/2025,"BEND, OR",Termination via Mass Mod,192066,1392480,INTERNAL REVENUE SERVICE NATIONAL OFFICE
"2,930",2/25/2025,"PUYALLUP, WA",Termination via Mass Mod,85239,298336,NATURAL RESOURCES CONSERVATION SERVICE
"4,449",2/25/2025,"CINCINNATI, OH",Termination via Mass Mod,102456,145145,OFFICE OF LABOR MANAGEMENT STANDARDS
"4,320",2/25/2025,"DAYTON, WA",Termination via Mass Mod,41342,3445,NATURAL RESOURCES CONSERVATION SERVICE
"5,358",2/25/2025,"HENDERSONVILLE, NC",Termination via Mass Mod,111756,0,FARM SERVICE AGENCY - COUNTY
"2,166",2/25/2025,"RATON, NM",Termination via Mass Mod,32212,0,NATURAL RESOURCES CONSERVATION SERVICE
"5,254",2/25/2025,"SIOUX CITY, IA",Termination via Mass Mod,104186,17364,INTERNAL REVENUE SERVICE NATIONAL OFFICE
"10,471",2/25/2025,"LINCOLN, NE",Termination via Mass Mod,188448,62816,NATURAL RESOURCES CONSERVATION SERVICE
"8,433",2/25/2025,"SALT LAKE CITY, UT",Termination via Mass Mod,261736,632529,UNITED STATES TRUSTEES
"11,057",2/25/2025,"OVERLAND PARK, KS",Termination via Mass Mod,225718,75239,NATIONAL LABOR RELATIONS BOARD
"4,133",2/25/2025,"NASHVILLE, TN",True Termination- Agency Closed Office,142577,0,SOCIAL SECURITY ADMINISTRATION
"2,999",2/25/2025,"FALMOUTH, ME",Termination via Mass Mod,70616,247157,UNITED STATES FISH AND WILDLIFE SERVICE
"4,846",2/25/2025,"LAWRENCE, KS",Termination via Mass Mod,120110,70064,NATURAL RESOURCES CONSERVATION SERVICE
"14,366",2/25/2025,"SIOUX CITY, IA",Termination via Mass Mod,217139,126664,OFFICE OF U.S. ATTORNEYS
"17,039",2/25/2025,"CORPUS CHRISTI, TX",Termination via Mass Mod,409689,307267,OFFICE OF U.S. ATTORNEYS
"4,819",2/25/2025,"BEAUMONT, TX",Termination via Mass Mod,115076,105487,INTERNAL REVENUE SERVICE NATIONAL OFFICE
"7,549",2/25/2025,"PAWNEE, OK",Termination via Mass Mod,156171,156171,BUREAU OF INDIAN AFFAIRS
"9,825",2/25/2025,"SEMINOLE, OK",Termination via Mass Mod,184770,184770,BUREAU OF INDIAN AFFAIRS
"6,401",2/25/2025,"OKLAHOMA CITY, OK",Termination via Mass Mod,133605,155873,OCCUPATIONAL SAFETY AND HEALTH ADMINISTRATION
"7,500",2/25/2025,"MESA, AZ",Termination via Mass Mod,305100,355950,FOREST SERVICE
970,2/25/2025,"NEW ORLEANS, LA",Termination via Mass Mod,17460,20370,BUREAU OF MINERALS MANAGEMENT SERVICE
"5,036",2/25/2025,"SAN ANTONIO, TX",Termination via Mass Mod,129035,161294,"EMPLOYMENT STANDARDS ADMINISTRATION, WAGE AND HOUR DIVI"
"4,896",2/25/2025,"BEMIDJI, MN",Termination via Mass Mod,133916,178554,INDIAN HEALTH SERVICE-BEMIDJI
"5,449",2/25/2025,"LUFKIN, TX",Termination via Mass Mod,88956,118609,OFFICE OF U.S. ATTORNEYS
891,2/25/2025,"BATON ROUGE, LA",Termination via Mass Mod,28818,40826,IG FOR TAX ADMINISTRATION
"76,372",2/25/2025,"HYATTSVILLE, MD",True Termination- Move to Federal Space,2543781,4239635,DEPT OF TREASURY-BUREAU OF THE FISCAL SERVICE
"3,703",2/25/2025,"KNOXVILLE, TN",Termination via Mass Mod,69357,109816,INTERNAL REVENUE SERVICE NATIONAL OFFICE
"5,000",2/25/2025,"OKLAHOMA CITY, OK",Termination via Mass Mod,119951,189922,INDIAN HEALTH SERVICE -OKLAHOMA
"2,850",2/25/2025,"WATONGA, OK",Termination via Mass Mod,38573,61074,BUREAU OF INDIAN AFFAIRS
"16,787",2/25/2025,"TOLEDO, OH",Termination via Mass Mod,431551,755214,OFFICE OF U.S. ATTORNEYS
"7,973",2/25/2025,"EL PASO, TX",Termination via Mass Mod,154936,296960,EQUAL EMPLOYMENT OPPORTUNITY COMMISSION
"1,609",2/25/2025,"OKLAHOMA CITY, OK",Termination via Mass Mod,20113,40225,ANIMAL AND PLANT HEALTH INSPECTION SERVICE
"13,531",2/25/2025,"CHICAGO, IL",Termination via Mass Mod,471820,943641,FEDERAL TRANSIT ADMINISTRATION
"13,865",2/25/2025,"HOUMA, LA",Termination via Mass Mod,429459,858919,BUREAU OF MINERALS MANAGEMENT SERVICE
"90,850",2/25/2025,"CARLSBAD, NM",Termination via Mass Mod,810599,1756298,DOE-CARLSBAD OFFICE
"1,378",2/25/2025,"GLADSTONE, MO",Termination via Mass Mod,28600,61966,ANIMAL AND PLANT HEALTH INSPECTION SERVICE
320,2/25/2025,"LONGVIEW, TX",Termination via Mass Mod,5101,11052,"EMPLOYMENT STANDARDS ADMINISTRATION, WAGE AND HOUR DIVI"
"2,520",2/25/2025,"HOUSTON, TX",Termination via Mass Mod,56866,132687,ANIMAL AND PLANT HEALTH INSPECTION SERVICE
"4,900",2/25/2025,"PARAGOULD, AR",Termination via Mass Mod,90074,210172,FARM SERVICE AGENCY - COUNTY
"5,171",2/25/2025,"CONWAY, AR",Termination via Mass Mod,105549,255077,NATURAL RESOURCES CONSERVATION SERVICE
"33,119",2/25/2025,"MUSKOGEE, OK",Termination via Mass Mod,1272005,3710015,OFFICE OF U.S. ATTORNEYS
"14,478",2/25/2025,"SAN ANTONIO, TX",Termination via Mass Mod,284992,902473,NATIONAL PARK SERVICE
"22,216",2/25/2025,"ALBUQUERQUE, NM",Termination via Mass Mod,448520,1681950,FOREST SERVICE
"79,869",2/26/2025,"BOISE, ID",True Termination- Vacant Space Buyout,1863031,18475055,BUREAU OF RECLAMATION
"1,444",2/26/2025,"GRAND JUNCTION, CO",Termination via Mass Mod,22360,106209,UNITED STATES FISH AND WILDLIFE SERVICE
620,2/26/2025,"PABLO, MT",Termination via Mass Mod,10418,868,BUREAU OF INDIAN AFFAIRS
"1,810",2/26/2025,"HELENA, MT",Termination via Mass Mod,39248,22895,FEDERAL MOTOR CARRIER SAFETY ADMINISTRATION
"1,825",2/26/2025,"RAPID CITY, SD",Termination via Mass Mod,53911,4493,BUREAU OF INDIAN AFFAIRS
"2,553",2/26/2025,"SIOUX FALLS, SD",Termination via Mass Mod,67904,164102,OFFICE OF THE SECRETARY
"1,088",2/26/2025,"COCOA, FL",Termination via Mass Mod,15368,25614,"FED ACQUISITION SRVC REG 04, FLEET MGMT FACILITIES"
695,2/26/2025,"DAVENPORT, IA",Termination via Mass Mod,12312,36936,FOOD AND DRUG ADMINISTRATION
"44,623",2/26/2025,"BOISE, ID",Termination via Mass Mod,1087629,,ANIMAL AND PLANT HEALTH INSPECTION SERVICE
"1,397",2/26/2025,"JOLIET, IL",Termination via Mass Mod,17882,2980,RAILROAD RETIREMENT BOARD
247,2/26/2025,"CARMEL, IN",Termination via Mass Mod,4199,11897,FEDERAL ENERGY REGULATORY COMMISSION
"1,290",2/26/2025,"WICHITA, KS",Termination via Mass Mod,32444,78405,RAILROAD RETIREMENT BOARD
894,2/26/2025,"SPRINGFIELD, MA",Termination via Mass Mod,20562,61686,SMALL BUSINESS ADMINISTRATION
"2,789",2/26/2025,"EVERETT, MA",Termination via Mass Mod,121254,383972,AGRICULTURAL MARKETING SERVICE
"1,630",2/26/2025,"OXFORD, MS",Termination via Mass Mod,32758,13649,INTERNAL REVENUE SERVICE NATIONAL OFFICE
"2,000",2/26/2025,"SCOTTSBLUFF, NE",Termination via Mass Mod,29549,91110,INTERNAL REVENUE SERVICE NATIONAL OFFICE
236,2/26/2025,"SALEM, OR",Termination via Mass Mod,8040,670,NATIONAL OCEANIC ATMOSPHERIC ADMINISTRATION
"34,467",2/26/2025,"HARRISBURG, PA",Termination via Mass Mod,714397,119066,RURAL HOUSING SERVICE
"1,540",2/26/2025,"NASHVILLE, TN",True Termination- Agency Closed Office,33110,82775,OCCUPATIONAL SAFETY AND HEALTH ADMINISTRATION
"5,641",2/26/2025,"RALEIGH, NC",Termination via Mass Mod,122754,480785,"EMPLOYMENT STANDARDS ADMINISTRATION, WAGE AND HOUR DIVI"
"3,390",2/26/2025,"WILMINGTON, DE",Termination via Mass Mod,89176,141195,SMALL BUSINESS ADMINISTRATION
"5,724",2/26/2025,"DOVER, DE",Termination via Mass Mod,112332,149777,GEOLOGICAL SURVEY
"9,139",2/26/2025,"BALTIMORE, MD",Termination via Mass Mod,254174,593074,"EMPLOYMENT STANDARDS ADMINISTRATION, WAGE AND HOUR DIVI"
"3,739",2/26/2025,"FREDERICK, MD",Termination via Mass Mod,78438,359508,INTERNAL REVENUE SERVICE NATIONAL OFFICE
"10,882",2/26/2025,"HURON, SD",Termination via Mass Mod,140835,422504,GEOLOGICAL SURVEY
"2,638",2/26/2025,"SIOUX FALLS, SD",Termination via Mass Mod,56165,79567,DEPARTMENT OF LABOR
"21,372",2/26/2025,"BISMARCK, ND",Termination via Mass Mod,429112,357594,UNITED STATES FISH AND WILDLIFE SERVICE
"4,870",2/26/2025,"FORT THOMPSON, SD",Termination via Mass Mod,58976,137610,BUREAU OF INDIAN AFFAIRS
"4,911",2/26/2025,"SISSETON, SD",Termination via Mass Mod,180008,0,BUREAU OF INDIAN AFFAIRS
"2,297",2/26/2025,"GREEN RIVER, WY",Termination via Mass Mod,47419,55322,MINE SAFETY HEALTH ADMINISTRATION
"4,140",2/26/2025,"LANDER, WY",Termination via Mass Mod,97834,171209,OFFICE OF U.S. ATTORNEYS
"7,100",2/26/2025,"LOS ANGELES, CA",Termination via Mass Mod,313985,549474,FEDERAL HIGHWAY ADMINISTRATION
"6,162",2/26/2025,"FREDERICKSBURG, VA",Termination via Mass Mod,153098,395504,INTERNAL REVENUE SERVICE NATIONAL OFFICE
"16,693",2/26/2025,"ROANOKE, VA",Termination via Mass Mod,289115,698694,INTERNAL REVENUE SERVICE NATIONAL OFFICE
"29,333",2/26/2025,"RICHMOND, VA",Termination via Mass Mod,743171,123862,OFFICE OF U.S. ATTORNEYS
"2,986",2/26/2025,"RICHMOND, VA",Termination via Mass Mod,45955,91909,ANIMAL AND PLANT HEALTH INSPECTION SERVICE
"2,230",2/26/2025,"MARTINSBURG, WV",Termination via Mass Mod,62811,62811,NATIONAL PARK SERVICE
"7,671",2/26/2025,"PARKERSBURG, WV",Termination via Mass Mod,184015,306692,INTERNAL REVENUE SERVICE NATIONAL OFFICE
"6,988",2/26/2025,"DOVER, NH",Termination via Mass Mod,136292,11358,NATURAL RESOURCES CONSERVATION SERVICE
"6,600",2/26/2025,"MONTPELIER, VT",Termination via Mass Mod,208688,208688,FEDERAL HIGHWAY ADMINISTRATION
"6,779",2/26/2025,"LITTLE ROCK, AR",Termination via Mass Mod,119943,49976,UNITED STATES TRUSTEES
"22,680",2/26/2025,"HARRISON, AR",Termination via Mass Mod,601073,601073,NATIONAL PARK SERVICE
"2,300",2/26/2025,"CAMP VERDE, AZ",Termination via Mass Mod,53544,0,NATIONAL PARK SERVICE
"4,791",2/26/2025,"TUCSON, AZ",Termination via Mass Mod,126374,705585,UNITED STATES FISH AND WILDLIFE SERVICE
"99,880",2/26/2025,"PHOENIX, AZ",Termination via Mass Mod,2666602,9999756,INTERNAL REVENUE SERVICE NATIONAL OFFICE
"2,506",2/26/2025,"NOGALES, AZ",Termination via Mass Mod,68551,108539,FEDERAL MOTOR CARRIER SAFETY ADMINISTRATION
"22,915",2/26/2025,"PHOENIX, AZ",Termination via Mass Mod,562209,1311821,EQUAL EMPLOYMENT OPPORTUNITY COMMISSION
"4,541",2/26/2025,"YUMA, AZ",Termination via Mass Mod,123878,381959,NATURAL RESOURCES CONSERVATION SERVICE
"6,850",2/26/2025,"SAN DIEGO, CA",Termination via Mass Mod,339060,56510,"EMPLOY. STANDARDS ADMIN., OFC OF CONTRACT COMPLIANCE PR"
"13,775",2/26/2025,"IRVINE, CA",Termination via Mass Mod,503029,796462,BUR OF INDUSTRY & SECURITY
"4,980",2/26/2025,"WEAVERVILLE, CA",Termination via Mass Mod,182784,0,BUREAU OF RECLAMATION
"13,541",2/26/2025,"LOS ANGELES, CA",Termination via Mass Mod,572420,1383348,ENVIRONMENTAL PROTECTION AGENCY
"10,862",2/26/2025,"UKIAH, CA",Termination via Mass Mod,409268,4843003,BUREAU OF LAND MANAGEMENT
"12,089",2/26/2025,"SAN MATEO, CA",Termination via Mass Mod,426854,746994,INTERNAL REVENUE SERVICE NATIONAL OFFICE
"10,855",2/26/2025,"VENTURA, CA",Termination via Mass Mod,377727,220341,NATIONAL PARK SERVICE
"3,058",2/26/2025,"DIAMOND BAR, CA",Termination via Mass Mod,118518,88889,OFFICE OF THE INSPECTOR GENERAL
"5,240",2/26/2025,"WOODLAND, CA",Termination via Mass Mod,117085,136599,NATURAL RESOURCES CONSERVATION SERVICE
"29,170",2/26/2025,"BOULDER, CO",Termination via Mass Mod,913334,0,GEOLOGICAL SURVEY
"1,245",2/26/2025,"DURANGO, CO",Termination via Mass Mod,35074,37997,"CORPS OF ENGINEERS, CIVIL"
"2,730",2/26/2025,"MIDDLETOWN, CT",Termination via Mass Mod,101589,448686,INTERNATIONAL TRADE ADMINISTRATION
"28,512",2/26/2025,"DOVER, DE",Termination via Mass Mod,576712,0,RURAL HOUSING SERVICE
"49,617",2/26/2025,"ATLANTA, GA",Termination via Mass Mod,1399770,2799539,FOREST SERVICE
"15,492",2/26/2025,"SAVANNAH, GA",Termination via Mass Mod,427511,855022,INTERNAL REVENUE SERVICE NATIONAL OFFICE
"35,330",2/26/2025,"ATLANTA, GA",Termination via Mass Mod,738352,738352,UNITED STATES FISH AND WILDLIFE SERVICE
"27,526",2/26/2025,"ATLANTA, GA",Termination via Mass Mod,634642,634642,SMALL BUSINESS ADMINISTRATION
"8,574",2/26/2025,"DULUTH, GA",Termination via Mass Mod,184341,553023,FEDERAL ENERGY REGULATORY COMMISSION
"14,039",2/26/2025,"MACON, GA",Termination via Mass Mod,241967,282295,INTERNAL REVENUE SERVICE NATIONAL OFFICE
"4,606",2/26/2025,"SAVANNAH, GA",Termination via Mass Mod,97739,407246,OCCUPATIONAL SAFETY AND HEALTH ADMINISTRATION
"3,772",2/26/2025,"GRIFFIN, GA",Termination via Mass Mod,30810,0,NATURAL RESOURCES CONSERVATION SERVICE
"5,405",2/26/2025,"WAILUKU HAWAIIAN HOME LAND (HISTORI, HI",Termination via Mass Mod,317476,396845,INTERNAL REVENUE SERVICE NATIONAL OFFICE
"4,638",2/26/2025,"HILO, HI",Termination via Mass Mod,164391,150692,NATIONAL OCEANIC ATMOSPHERIC ADMINISTRATION
"10,056",2/26/2025,"AMES, IA",Termination via Mass Mod,216276,847080,FEDERAL HIGHWAY ADMINISTRATION
"6,794",2/26/2025,"CEDAR RAPIDS, IA",Termination via Mass Mod,149715,174668,INTERNAL REVENUE SERVICE NATIONAL OFFICE
"4,787",2/26/2025,"NAPERVILLE, IL",Termination via Mass Mod,137811,424916,OCCUPATIONAL SAFETY AND HEALTH ADMINISTRATION
"3,253",2/26/2025,"SPRINGFIELD, IL",Termination via Mass Mod,63848,47886,DEPARTMENTAL MANAGEMENT (IG)
"81,492",2/26/2025,"CHICAGO, IL",Termination via Mass Mod,2602276,3903413,SECURITIES AND EXCHANGE COMMISSION
"7,010",2/26/2025,"TINLEY PARK, IL",Termination via Mass Mod,187265,358924,OCCUPATIONAL SAFETY AND HEALTH ADMINISTRATION
"5,898",2/26/2025,"PEORIA, IL",Termination via Mass Mod,102276,161938,UNITED STATES TRUSTEES
"2,022",2/26/2025,"SPRINGFIELD, IL",Termination via Mass Mod,34756,40548,SMALL BUSINESS ADMINISTRATION
"1,734",2/26/2025,"SOUTH BEND, IN",Termination via Mass Mod,28745,11977,FOOD AND DRUG ADMINISTRATION
"2,850",2/26/2025,"FISHERS, IN",Termination via Mass Mod,53146,22144,OFFICE OF THE SECRETARY
"69,437",2/26/2025,"KANSAS CITY, KS",Termination via Mass Mod,1449511,2053474,OFFICE OF THE SECRETARY
"2,014",2/26/2025,"OVERLAND PARK, KS",Termination via Mass Mod,43127,143755,OCCUPATIONAL SAFETY AND HEALTH ADMINISTRATION
"6,572",2/26/2025,"TOPEKA, KS",Termination via Mass Mod,134940,11245,FEDERAL HIGHWAY ADMINISTRATION
"6,932",2/26/2025,"MANHATTAN, KS",Termination via Mass Mod,141238,82389,UNITED STATES FISH AND WILDLIFE SERVICE
"10,187",2/26/2025,"TOPEKA, KS",Termination via Mass Mod,289898,289898,ANIMAL AND PLANT HEALTH INSPECTION SERVICE
"1,700",2/26/2025,"WICHITA, KS",Termination via Mass Mod,46863,74200,FOOD AND DRUG ADMINISTRATION
"14,046",2/26/2025,"KANSAS CITY, KS",Termination via Mass Mod,278861,557722,EQUAL EMPLOYMENT OPPORTUNITY COMMISSION
"8,364",2/26/2025,"LONDON, KY",Termination via Mass Mod,219455,256031,OFFICE OF U.S. ATTORNEYS
"17,709",2/26/2025,"BARBOURVILLE, KY",Termination via Mass Mod,370008,370008,MINE SAFETY HEALTH ADMINISTRATION
"2,591",2/26/2025,"PADUCAH, KY",Termination via Mass Mod,77216,77216,INTERNAL REVENUE SERVICE NATIONAL OFFICE
"2,814",2/26/2025,"BEAVER DAM, KY",Termination via Mass Mod,65454,169089,MINE SAFETY HEALTH ADMINISTRATION
"8,836",2/26/2025,"HAZARD, KY",Termination via Mass Mod,294613,294613,MINE SAFETY HEALTH ADMINISTRATION
"7,378",2/26/2025,"PRESTONSBURG, KY",Termination via Mass Mod,143326,453865,MINE SAFETY HEALTH ADMINISTRATION
"22,362",2/26/2025,"MADISONVILLE, KY",Termination via Mass Mod,563240,657114,MINE SAFETY HEALTH ADMINISTRATION
"4,958",2/26/2025,"OWENSBORO, KY",Termination via Mass Mod,70713,253390,INTERNAL REVENUE SERVICE NATIONAL OFFICE
"7,342",2/26/2025,"HARLAN, KY",Termination via Mass Mod,127592,382777,MINE SAFETY HEALTH ADMINISTRATION
"7,564",2/26/2025,"BOWLING GREEN, KY",Termination via Mass Mod,199239,846766,INTERNAL REVENUE SERVICE NATIONAL OFFICE
"2,646",2/26/2025,"HOPKINSVILLE, KY",Termination via Mass Mod,50300,50300,INTERNAL REVENUE SERVICE NATIONAL OFFICE
"8,041",2/26/2025,"BATON ROUGE, LA",Termination via Mass Mod,187451,109346,OCCUPATIONAL SAFETY AND HEALTH ADMINISTRATION
"2,400",2/26/2025,"BATON ROUGE, LA",Termination via Mass Mod,71102,59251,NATIONAL OCEANIC ATMOSPHERIC ADMINISTRATION
"2,139",2/26/2025,"NEW ORLEANS, LA",Termination via Mass Mod,46928,297208,NATIONAL PARK SERVICE
"20,893",2/26/2025,"NORTHBOROUGH, MA",Termination via Mass Mod,358733,1494720,GEOLOGICAL SURVEY
"2,360",2/26/2025,"BOYLSTON, MA",Termination via Mass Mod,56349,98610,FOOD AND DRUG ADMINISTRATION
"14,511",2/26/2025,"WORCESTER, MA",Termination via Mass Mod,361469,994040,INTERNAL REVENUE SERVICE NATIONAL OFFICE
"10,787",2/26/2025,"SOUTHBOROUGH, MA",Termination via Mass Mod,263862,1099427,INTERNAL REVENUE SERVICE NATIONAL OFFICE
"72,220",2/26/2025,"HADLEY, MA",Termination via Mass Mod,1590490,11531053,UNITED STATES FISH AND WILDLIFE SERVICE
"14,036",2/26/2025,"SPRINGFIELD, MA",Termination via Mass Mod,294206,465826,INTERNAL REVENUE SERVICE NATIONAL OFFICE
826,2/26/2025,"SALISBURY, MD",Termination via Mass Mod,10882,2720,NATIONAL OCEANIC ATMOSPHERIC ADMINISTRATION
798,2/26/2025,"TRAVERSE CITY, MI",Termination via Mass Mod,28638,50117,INDIAN HEALTH SERVICE-BEMIDJI
"2,489",2/26/2025,"SOUTH ST PAUL, MN",Termination via Mass Mod,48315,32210,ANIMAL AND PLANT HEALTH INSPECTION SERVICE
"3,510",2/26/2025,"ST. CLOUD, MN",Termination via Mass Mod,81992,314302,INTERNAL REVENUE SERVICE NATIONAL OFFICE
"2,081",2/26/2025,"BAUDETTE, MN",Termination via Mass Mod,22509,0,FARM SERVICE AGENCY - COUNTY
"26,910",2/26/2025,"BLOOMINGTON, MN",Termination via Mass Mod,653701,1579777,INTERNAL REVENUE SERVICE NATIONAL OFFICE
"47,639",2/26/2025,"KANSAS CITY, MO",Termination via Mass Mod,815767,1359611,DEPARTMENT OF EDUCATION
"15,011",2/26/2025,"COLUMBIA, MO",Termination via Mass Mod,265088,839446,UNITED STATES FISH AND WILDLIFE SERVICE
"5,343",2/26/2025,"JEFFERSON CITY, MO",Termination via Mass Mod,61913,61913,INTERNAL REVENUE SERVICE NATIONAL OFFICE
"6,440",2/26/2025,"JEFFERSON CITY, MO",Termination via Mass Mod,83833,27944,FEDERAL HIGHWAY ADMINISTRATION
"87,993",2/26/2025,"KANSAS CITY, MO",Termination via Mass Mod,1937762,9688812,DEPT OF TREASURY-BUREAU OF THE FISCAL SERVICE
"3,310",2/26/2025,"GREAT FALLS, MT",Termination via Mass Mod,21021,36787,UNITED STATES FISH AND WILDLIFE SERVICE
"4,931",2/26/2025,"BILLINGS, MT",Termination via Mass Mod,65258,114201,ANIMAL AND PLANT HEALTH INSPECTION SERVICE
"14,165",2/26/2025,"WILMINGTON, NC",Termination via Mass Mod,319571,239678,INTERNAL REVENUE SERVICE NATIONAL OFFICE
"5,881",2/26/2025,"GOLDSBORO, NC",Termination via Mass Mod,113418,160675,NATURAL RESOURCES CONSERVATION SERVICE
"7,813",2/26/2025,"FAYETTEVILLE, NC",Termination via Mass Mod,154235,38559,INTERNAL REVENUE SERVICE NATIONAL OFFICE
"10,397",2/26/2025,"RALEIGH, NC",Termination via Mass Mod,306333,612666,EQUAL EMPLOYMENT OPPORTUNITY COMMISSION
"5,970",2/26/2025,"WILKESBORO, NC",Termination via Mass Mod,104475,0,FARM SERVICE AGENCY - COUNTY
"5,316",2/26/2025,"CHARLOTTE, NC",Termination via Mass Mod,104520,0,GEOLOGICAL SURVEY
"8,834",2/26/2025,"FARGO, ND",Termination via Mass Mod,206300,893967,NATURAL RESOURCES CONSERVATION SERVICE
"3,161",2/26/2025,"PORTSMOUTH, NH",Termination via Mass Mod,92478,223487,MINE SAFETY HEALTH ADMINISTRATION
"3,201",2/26/2025,"MANCHESTER, NH",Termination via Mass Mod,98552,229954,"EMPLOYMENT STANDARDS ADMINISTRATION, WAGE AND HOUR DIVI"
"1,099",2/26/2025,"PORTSMOUTH, NH",Termination via Mass Mod,31147,46720,INTERNATIONAL TRADE ADMINISTRATION
"7,646",2/26/2025,"EWING TOWNSHIP, NJ",Termination via Mass Mod,216234,414449,FEDERAL HIGHWAY ADMINISTRATION
"1,035",2/26/2025,"NORTHFIELD, NJ",Termination via Mass Mod,29265,43898,NATIONAL OCEANIC ATMOSPHERIC ADMINISTRATION
"2,117",2/26/2025,"ZUNI, NM",Termination via Mass Mod,39819,19909,BUREAU OF INDIAN AFFAIRS
"9,574",2/26/2025,"GRANTS, NM",Termination via Mass Mod,166109,124582,NATIONAL PARK SERVICE
"20,287",2/26/2025,"GALLUP, NM",Termination via Mass Mod,322529,3144654,INDIAN HEALTH SERVICE NAVAJO
"2,499",2/26/2025,"GALLUP, NM",Termination via Mass Mod,61124,412590,NATURAL RESOURCES CONSERVATION SERVICE
"6,590",2/26/2025,"CLOVIS, NM",Termination via Mass Mod,149959,962236,FARM SERVICE AGENCY - COUNTY
"4,760",2/26/2025,"ELKO, NV",Termination via Mass Mod,134297,257402,BUREAU OF INDIAN AFFAIRS
"9,340",2/26/2025,"CLEVELAND, OH",Termination via Mass Mod,205829,85762,FEDERAL TRADE COMMISSION
"5,292",2/26/2025,"GAHANNA, OH",Termination via Mass Mod,107200,339468,UNITED STATES FISH AND WILDLIFE SERVICE
"20,338",2/26/2025,"COLUMBUS, OH",Termination via Mass Mod,261812,1614508,GEOLOGICAL SURVEY
"3,738",2/26/2025,"MANSFIELD, OH",Termination via Mass Mod,46239,0,INTERNAL REVENUE SERVICE NATIONAL OFFICE
"18,996",2/26/2025,"CLEVELAND, OH",Termination via Mass Mod,397983,0,INTERNAL REVENUE SERVICE NATIONAL OFFICE
"8,913",2/26/2025,"KLAMATH FALLS, OR",Termination via Mass Mod,72848,0,GEOLOGICAL SURVEY
"5,384",2/26/2025,"MEDFORD, OR",Termination via Mass Mod,175315,598992,INTERNAL REVENUE SERVICE NATIONAL OFFICE
"3,450",2/26/2025,"BOYERS, PA",Termination via Mass Mod,48277,156900,OFFICE OF PERSONNEL MANAGEMENT
"30,279",2/26/2025,"NEW CUMBERLAND, PA",Termination via Mass Mod,778521,454138,GEOLOGICAL SURVEY
"4,192",2/26/2025,"ALTOONA, PA",Termination via Mass Mod,70597,282389,INTERNAL REVENUE SERVICE NATIONAL OFFICE
"11,500",2/26/2025,"BOYERS, PA",Termination via Mass Mod,161862,526052,OFFICE OF PERSONNEL MANAGEMENT
"6,700",2/26/2025,"STATE COLLEGE, PA",Termination via Mass Mod,197699,823748,UNITED STATES FISH AND WILDLIFE SERVICE
"10,455",2/26/2025,"CORAOPOLIS, PA",Termination via Mass Mod,235431,765152,FEDERAL AVIATION ADMINISTRATION
"13,991",2/26/2025,"EAST BUTLER, PA",Termination via Mass Mod,160369,66821,OFFICE OF PERSONNEL MANAGEMENT
"44,765",2/26/2025,"PHILADELPHIA, PA",Termination via Mass Mod,1188270,4257967,SECURITIES AND EXCHANGE COMMISSION
"42,995",2/26/2025,"PHILADELPHIA, PA",Termination via Mass Mod,1115051,1115051,DEPARTMENT OF EDUCATION
"4,839",2/26/2025,"WILLIAMSPORT, PA",Termination via Mass Mod,67391,140398,GEOLOGICAL SURVEY
"1,250",2/26/2025,"SCRANTON, PA",Termination via Mass Mod,32369,70133,RAILROAD RETIREMENT BOARD
"5,452",2/26/2025,"DOWNINGTOWN, PA",Termination via Mass Mod,102968,223098,GEOLOGICAL SURVEY
"5,305",2/26/2025,"ERIE, PA",Termination via Mass Mod,102356,34119,INTERNAL REVENUE SERVICE NATIONAL OFFICE
"4,215",2/26/2025,"WARWICK, RI",Termination via Mass Mod,107126,276743,FOOD AND DRUG ADMINISTRATION
"2,400",2/26/2025,"EAST PROVIDENCE, RI",Termination via Mass Mod,59161,211993,FOOD AND DRUG ADMINISTRATION
"41,663",2/26/2025,"COLUMBIA, SC",Termination via Mass Mod,942986,1257315,OFFICE OF U.S. ATTORNEYS
"4,989",2/26/2025,"GREENVILLE, SC",Termination via Mass Mod,128616,375131,EQUAL EMPLOYMENT OPPORTUNITY COMMISSION
"3,810",2/26/2025,"SIOUX FALLS, SD",Termination via Mass Mod,86777,318182,SMALL BUSINESS ADMINISTRATION
"135,373",2/26/2025,"FRANKLIN, TN",Termination via Mass Mod,4602070,31830982,INTERNAL REVENUE SERVICE NATIONAL OFFICE
"14,004",2/26/2025,"NASHVILLE, TN",Termination via Mass Mod,388552,777105,FOOD AND DRUG ADMINISTRATION
"17,786",2/26/2025,"CHATTANOOGA, TN",Termination via Mass Mod,353845,353845,INTERNAL REVENUE SERVICE NATIONAL OFFICE
"12,305",2/26/2025,"MEMPHIS, TN",Termination via Mass Mod,323607,701149,FOOD AND DRUG ADMINISTRATION
"13,196",2/26/2025,"SPOKANE VALLEY, WA",Termination via Mass Mod,257897,2170634,GEOLOGICAL SURVEY
"2,165",2/26/2025,"LA CROSSE, WI",Termination via Mass Mod,36199,0,INTERNAL REVENUE SERVICE NATIONAL OFFICE
"34,970",2/26/2025,"ASHLAND, WI",Termination via Mass Mod,649408,1515284,BUREAU OF INDIAN AFFAIRS
"1,990",2/26/2025,"SHAWANO, WI",Termination via Mass Mod,36395,6066,BUREAU OF INDIAN AFFAIRS
"9,521",2/26/2025,"CHEYENNE, WY",Termination via Mass Mod,183415,1054635,GEOLOGICAL SURVEY
"20,950",2/26/2025,"SAN ANTONIO, TX",Termination via Mass Mod,463053,2276678,GEOLOGICAL SURVEY
"5,788",2/26/2025,"IRVING, TX",Termination via Mass Mod,115742,414741,FOOD AND DRUG ADMINISTRATION
"4,775",2/26/2025,"SAN ANTONIO, TX",Termination via Mass Mod,116130,19355,OFFICE OF PERSONNEL MANAGEMENT
"2,404",2/26/2025,"BEAUMONT, TX",Termination via Mass Mod,49665,16555,MARITIME ADMINISTRATION
"2,149",2/26/2025,"SAN ANTONIO, TX",Termination via Mass Mod,49427,358346,DEPARTMENTAL MANAGEMENT (IG)
"3,833",2/26/2025,"FRITCH, TX",Termination via Mass Mod,107586,582759,NATIONAL PARK SERVICE
"15,255",2/26/2025,"DALLAS, TX",Termination via Mass Mod,423186,0,FEDERAL TRADE COMMISSION
"1,810",2/27/2025,"SAN SEBASTIAN, PR",Termination via Mass Mod,75115,56336,NATURAL RESOURCES CONSERVATION SERVICE
"30,881",2/27/2025,"MONTGOMERY, AL",Termination via Mass Mod,608234,0,FARM SERVICE AGENCY- STATE
"12,347",2/27/2025,"MONTGOMERY, AL",Termination via Mass Mod,251805,0,INTERNAL REVENUE SERVICE NATIONAL OFFICE
"5,548",2/27/2025,"MOBILE, AL",Termination via Mass Mod,98708,0,OCCUPATIONAL SAFETY AND HEALTH ADMINISTRATION
"7,087",2/27/2025,"DAPHNE, AL",Termination via Mass Mod,149655,311781,UNITED STATES FISH AND WILDLIFE SERVICE
"32,480",2/27/2025,"BIRMINGHAM, AL",Termination via Mass Mod,673885,2807854,INTERNAL REVENUE SERVICE NATIONAL OFFICE
"7,580",2/27/2025,"BIRMINGHAM, AL",Termination via Mass Mod,217203,126702,INTERNAL REVENUE SERVICE NATIONAL OFFICE
"2,200",2/27/2025,"MOBILE, AL",Termination via Mass Mod,62676,104460,"EMPLOYMENT STANDARDS ADMINISTRATION, WAGE AND HOUR DIVI"
"57,815",2/27/2025,"MONTGOMERY, AL",Termination via Mass Mod,1751397,3210894,OFFICE OF U.S. ATTORNEYS
"7,976",2/27/2025,"HUNTSVILLE, AL",Termination via Mass Mod,205833,68611,GOVERNMENT ACCOUNTABILITY OFFICE
"4,176",2/27/2025,"TEMPE, AZ",Termination via Mass Mod,151150,1410731,FOOD AND DRUG ADMINISTRATION
"24,853",2/27/2025,"MESA, AZ",Termination via Mass Mod,910925,2353223,INTERNAL REVENUE SERVICE NATIONAL OFFICE
"40,924",2/27/2025,"SAINT MICHAELS, AZ",Termination via Mass Mod,1074931,447888,INDIAN HEALTH SERVICE NAVAJO
"71,591",2/27/2025,"PHOENIX, AZ",Termination via Mass Mod,1784239,7285644,BUREAU OF INDIAN AFFAIRS
"18,963",2/27/2025,"GLENDALE, AZ",Termination via Mass Mod,724116,2413721,INTERNAL REVENUE SERVICE NATIONAL OFFICE
"2,082",2/27/2025,"ORANGE, CA",Termination via Mass Mod,82733,282670,"EMPLOY. STANDARDS ADMIN., OFC OF CONTRACT COMPLIANCE PR"
"20,111",2/27/2025,"SAN MARCOS, CA",Termination via Mass Mod,855521,2067509,INTERNAL REVENUE SERVICE NATIONAL OFFICE
"7,995",2/27/2025,"LONG BEACH, CA",Termination via Mass Mod,329923,852301,DEPARTMENT OF EDUCATION
"3,531",2/27/2025,"TEMECULA, CA",Termination via Mass Mod,111187,315031,BUREAU OF RECLAMATION
"6,917",2/27/2025,"MONTEREY PARK, CA",Termination via Mass Mod,193399,354565,DEPARTMENTAL MANAGEMENT (IG)
"5,307",2/27/2025,"REDDING, CA",Termination via Mass Mod,154103,321048,BUREAU OF INDIAN AFFAIRS
"7,829",2/27/2025,"SALINAS, CA",Termination via Mass Mod,172395,71831,NATURAL RESOURCES CONSERVATION SERVICE
"3,858",2/27/2025,"MADERA, CA",Termination via Mass Mod,115740,86805,FARM SERVICE AGENCY- STATE
"9,362",2/27/2025,"THOUSAND OAKS, CA",Termination via Mass Mod,318224,291705,INTERNAL REVENUE SERVICE NATIONAL OFFICE
"5,400",2/27/2025,"LOMPOC, CA",Termination via Mass Mod,127062,222359,FAS REG 09 MAINTENANCE CONTROL CENTER
"5,938",2/27/2025,"RIVERSIDE, CA",Termination via Mass Mod,191120,398166,UNITED STATES TRUSTEES
"4,928",2/27/2025,"NORWALK, CA",Termination via Mass Mod,189108,567324,SMALL BUSINESS ADMINISTRATION
"8,559",2/27/2025,"ONTARIO, CA",Termination via Mass Mod,253213,422021,PIPELINE & HAZARDOUS MATERIALS SAFETY ADMIN (PHMSA)
"5,810",2/27/2025,"ONTARIO, CA",Termination via Mass Mod,140262,128573,FOOD AND DRUG ADMINISTRATION
"12,015",2/27/2025,"STOCKTON, CA",Termination via Mass Mod,352524,205639,INTERNAL REVENUE SERVICE NATIONAL OFFICE
"5,120",2/27/2025,"EL CENTRO, CA",Termination via Mass Mod,174477,276255,INTERNAL REVENUE SERVICE NATIONAL OFFICE
"3,000",2/27/2025,"HOLLYWOOD, FL",Termination via Mass Mod,79365,79365,BUREAU OF INDIAN AFFAIRS
"35,927",2/27/2025,"MIAMI, FL",Termination via Mass Mod,1483967,5317548,U.S. AGENCY FOR GLOBAL MEDIA
"2,357",2/27/2025,"MIAMI, FL",Termination via Mass Mod,69950,0,OFFICE OF THE SECRETARY
"7,747",2/27/2025,"DORAL, FL",Termination via Mass Mod,268096,134048,UNITED STATES FISH AND WILDLIFE SERVICE
"5,591",2/27/2025,"OCALA, FL",Termination via Mass Mod,120502,241003,RURAL HOUSING SERVICE
"108,007",2/27/2025,"TAMPA, FL",Mass Mod - Batch 2,2794477,3260223,OFFICE OF U.S. ATTORNEYS
"7,993",2/27/2025,"KEY LARGO, FL",Termination via Mass Mod,252011,1449064,NATIONAL OCEANIC ATMOSPHERIC ADMINISTRATION
"15,264",2/27/2025,"FORT WALTON BEACH, FL",Termination via Mass Mod,427700,1033609,BUREAU OF LABOR STATISTICS
"196,716",2/27/2025,"JACKSONVILLE, FL",Termination via Mass Mod,4344719,9413558,"CORPS OF ENGINEERS, CIVIL"
"6,959",2/27/2025,"HAGATNA, GU",Termination via Mass Mod,247740,185805,NATIONAL PARK SERVICE
"2,967",2/27/2025,"QUINCY, IL",Termination via Mass Mod,57487,234738,INTERNAL REVENUE SERVICE NATIONAL OFFICE
"4,945",2/27/2025,"CHAMPAIGN, IL",Termination via Mass Mod,93630,85827,INTERNAL REVENUE SERVICE NATIONAL OFFICE
"2,971",2/27/2025,"FAIRVIEW HEIGHTS, IL",Termination via Mass Mod,73620,0,OCCUPATIONAL SAFETY AND HEALTH ADMINISTRATION
"1,155",2/27/2025,"PEORIA, IL",Termination via Mass Mod,19026,33295,FOOD AND DRUG ADMINISTRATION
"3,170",2/27/2025,"GRIFFITH, IN",Termination via Mass Mod,85467,370357,"CORPS OF ENGINEERS, CIVIL"
"3,122",2/27/2025,"MARQUETTE, MI",Termination via Mass Mod,54343,54343,INTERNAL REVENUE SERVICE NATIONAL OFFICE
"2,512",2/27/2025,"CRANE LAKE, MN",Termination via Mass Mod,44476,85246,NATIONAL PARK SERVICE
"3,600",2/27/2025,"SAIPAN ISLAND, MP",Termination via Mass Mod,136952,194015,NATURAL RESOURCES CONSERVATION SERVICE
"8,608",2/27/2025,"GULFPORT, MS",Termination via Mass Mod,198250,82604,ENVIRONMENTAL PROTECTION AGENCY
"4,809",2/27/2025,"ACKERMAN, MS",Termination via Mass Mod,71558,83484,FOREST SERVICE
"14,840",2/27/2025,"JACKSON, MS",Termination via Mass Mod,284889,1187039,UNITED STATES FISH AND WILDLIFE SERVICE
"7,500",2/27/2025,"GREENWOOD, MS",Termination via Mass Mod,123000,287000,NATURAL RESOURCES CONSERVATION SERVICE
"2,301",2/27/2025,"COLUMBUS, MS",Termination via Mass Mod,38973,6495,INTERNAL REVENUE SERVICE NATIONAL OFFICE
"7,277",2/27/2025,"RIDGELAND, MS",Termination via Mass Mod,144159,144159,FOOD SAFETY AND INSPECTION SERVICE
"4,876",2/27/2025,"MOUNTAINSIDE, NJ",Termination via Mass Mod,128580,21430,BUREAU OF LABOR STATISTICS
853,2/27/2025,"ELKO, NV",Termination via Mass Mod,22240,148264,INDIAN HEALTH SERVICE-PHOENIX
"2,168",2/27/2025,"BUFFALO, NY",Termination via Mass Mod,63475,95213,"EMPLOY. STANDARDS ADMIN., OFC OF WORKERS' COMP. PRGMS"
"2,105",2/27/2025,"MANLIUS, NY",Termination via Mass Mod,37648,62746,INDIAN HEALTH SERVICE-NASHVILLE
"5,070",2/27/2025,"FOREST HILLS, NY",Termination via Mass Mod,308437,591172,"EMPLOYMENT STANDARDS ADMINISTRATION, WAGE AND HOUR DIVI"
"12,034",2/27/2025,"NEW WINDSOR, NY",Termination via Mass Mod,314988,419984,INTERNAL REVENUE SERVICE NATIONAL OFFICE
"2,765",2/27/2025,"NEW PHILADELPHIA, OH",Termination via Mass Mod,52596,61362,GEOLOGICAL SURVEY
"4,399",2/27/2025,"COLUMBUS, OH",Termination via Mass Mod,121125,262436,FOOD AND DRUG ADMINISTRATION
"4,987",2/27/2025,"PORTLAND, OR",Termination via Mass Mod,86585,129878,NATURAL RESOURCES CONSERVATION SERVICE
"3,716",2/27/2025,"SAN JUAN, PR",Termination via Mass Mod,153627,89616,DEPARTMENT OF HOUSING AND URBAN DEVELOPMENT
"2,381",2/27/2025,"MAYAGUEZ, PR",Termination via Mass Mod,75180,144096,INTERNAL REVENUE SERVICE NATIONAL OFFICE
"5,750",2/27/2025,"UTUADO, PR",Termination via Mass Mod,155653,51884,FARM SERVICE AGENCY - COUNTY
"2,991",2/27/2025,"MAYAGUEZ, PR",Termination via Mass Mod,105463,87886,RURAL HOUSING SERVICE
"14,875",2/27/2025,"HATO REY, PR",Termination via Mass Mod,528245,528245,FARM SERVICE AGENCY- STATE
"4,951",2/27/2025,"SAN JUAN, PR",Termination via Mass Mod,199214,199214,FEDERAL HIGHWAY ADMINISTRATION
"4,573",2/27/2025,"SAN JUAN, PR",Termination via Mass Mod,185793,185793,DEPARTMENTAL MANAGEMENT (IG)
"12,409",2/27/2025,"HATO REY, PR",Termination via Mass Mod,443557,776225,NATIONAL LABOR RELATIONS BOARD
"9,462",2/27/2025,"GUAYNABO, PR",Termination via Mass Mod,395988,857974,INTERNAL REVENUE SERVICE NATIONAL OFFICE
"4,360",2/27/2025,"ARECIBO, PR",Termination via Mass Mod,176795,441987,NATURAL RESOURCES CONSERVATION SERVICE
"5,778",2/27/2025,"GUAYNABO, PR",Termination via Mass Mod,289014,48169,"EMPLOYMENT STANDARDS ADMINISTRATION, WAGE AND HOUR DIVI"
"2,678",2/27/2025,"MAYAGUEZ, PR",Termination via Mass Mod,64524,112917,FARM SERVICE AGENCY- STATE
"4,439",2/27/2025,"CHRISTIANSTED, VI",Termination via Mass Mod,175210,335819,RURAL HOUSING SERVICE
"2,343",2/27/2025,"BURLINGTON, VT",Termination via Mass Mod,71954,71954,DEPARTMENT OF HOUSING AND URBAN DEVELOPMENT
"3,090",2/27/2025,"BALTIMORE, MD",Termination via Mass Mod,77572,213324,FOOD AND DRUG ADMINISTRATION
"6,160",2/27/2025,"BALTIMORE, MD",Termination via Mass Mod,130222,293000,SMALL BUSINESS ADMINISTRATION
"2,069",2/27/2025,"OLYMPIA, WA",Termination via Mass Mod,60270,140630,FEDERAL MOTOR CARRIER SAFETY ADMINISTRATION
"20,554",2/27/2025,"BIRMINGHAM, AL",Termination via Mass Mod,474215,1699269,MINE SAFETY HEALTH ADMINISTRATION
"15,792",2/27/2025,"MONTGOMERY, AL",Termination via Mass Mod,274537,800734,FOREST SERVICE
"2,662",2/27/2025,"MONTGOMERY, AL",Termination via Mass Mod,59444,158518,FEDERAL MOTOR CARRIER SAFETY ADMINISTRATION
"1,858",2/27/2025,"SUNRISE, FL",Termination via Mass Mod,51429,77144,NATIONAL OCEANIC ATMOSPHERIC ADMINISTRATION
"16,254",2/27/2025,"PLANTATION, FL",Termination via Mass Mod,731478,2864956,EMPLOYEE BENEFITS SECURITY ADMIN
"2,311",2/27/2025,"CHEYENNE, WY",Termination via Mass Mod,45187,52718,FEDERAL MOTOR CARRIER SAFETY ADMINISTRATION
"27,770",2/27/2025,"ANCHORAGE, AK",Termination via Mass Mod,1179873,7865819,FOREST SERVICE
"17,878",2/27/2025,"LITTLE ROCK, AR",Termination via Mass Mod,316603,1160878,SMALL BUSINESS ADMINISTRATION
"72,980",2/27/2025,"PHOENIX, AZ",Termination via Mass Mod,2217818,4435636,OFFICE OF U.S. ATTORNEYS
"7,335",2/27/2025,"TUCSON, AZ",Termination via Mass Mod,287894,311885,BUREAU OF THE CENSUS
"36,750",2/27/2025,"PHOENIX, AZ",Termination via Mass Mod,1194475,3583425,BUR OF INDUSTRY & SECURITY
"33,204",2/27/2025,"STOCKTON, CA",Termination via Mass Mod,1160491,2901228,BUREAU OF PRISONS
"4,859",2/27/2025,"SAN JOSE, CA",Termination via Mass Mod,220598,110299,FOOD AND DRUG ADMINISTRATION
"3,328",2/27/2025,"SAN DIEGO, CA",Termination via Mass Mod,90904,75753,INTERNATIONAL TRADE ADMINISTRATION
"7,803",2/27/2025,"FORT COLLINS, CO",Termination via Mass Mod,312042,962129,ANIMAL AND PLANT HEALTH INSPECTION SERVICE
"21,015",2/27/2025,"LAKEWOOD, CO",Termination via Mass Mod,448920,972661,"CORPS OF ENGINEERS, CIVIL"
"10,800",2/27/2025,"CASTLE ROCK, CO",Termination via Mass Mod,291265,1262149,ENVIRONMENTAL PROTECTION AGENCY
"43,599",2/27/2025,"FORT COLLINS, CO",Termination via Mass Mod,606301,2425203,FOREST SERVICE
"86,809",2/27/2025,"DENVER, CO",Termination via Mass Mod,2905174,9441817,OFFICE OF THE SECRETARY
"3,885",2/27/2025,"DENVER, CO",Termination via Mass Mod,161893,337278,INTERNATIONAL TRADE ADMINISTRATION
"2,711",2/27/2025,"WALLINGFORD, CT",Termination via Mass Mod,80590,13432,ANIMAL AND PLANT HEALTH INSPECTION SERVICE
"3,464",2/27/2025,"WILMINGTON, DE",Termination via Mass Mod,95385,310002,FOOD AND DRUG ADMINISTRATION
"2,950",2/27/2025,"WILMINGTON, DE",Termination via Mass Mod,84288,273935,FEDERAL RAILROAD ADMINISTRATION
"2,099",2/27/2025,"WILMINGTON, DE",Termination via Mass Mod,52837,193737,OCCUPATIONAL SAFETY AND HEALTH ADMINISTRATION
690,2/27/2025,"PENSACOLA, FL",Termination via Mass Mod,18036,55612,"EMPLOYMENT STANDARDS ADMINISTRATION, WAGE AND HOUR DIVI"
"8,542",2/27/2025,"OCALA, FL",Termination via Mass Mod,206876,861982,OFFICE OF U.S. ATTORNEYS
"17,770",2/27/2025,"TALLAHASSEE, FL",Termination via Mass Mod,316799,1108797,FOREST SERVICE
"14,691",2/27/2025,"PLANTATION, FL",Termination via Mass Mod,414703,691172,FOOD AND DRUG ADMINISTRATION
"1,440",2/27/2025,"TALLAHASSEE, FL",Termination via Mass Mod,39290,288124,FOOD AND DRUG ADMINISTRATION
"1,848",2/27/2025,"SAVANNAH, GA",Termination via Mass Mod,39214,163394,"EMPLOYMENT STANDARDS ADMINISTRATION, WAGE AND HOUR DIVI"
"22,296",2/27/2025,"ATLANTA, GA",Termination via Mass Mod,487199,1908196,GOVERNMENT ACCOUNTABILITY OFFICE
"34,146",2/27/2025,"ATLANTA, GA",Termination via Mass Mod,863726,431863,BUREAU OF PRISONS
"4,222",2/27/2025,"BARRIGADA, GU",Termination via Mass Mod,182523,243364,ANIMAL AND PLANT HEALTH INSPECTION SERVICE
"5,156",2/27/2025,"BOISE, ID",Termination via Mass Mod,111448,27862,NATIONAL OCEANIC ATMOSPHERIC ADMINISTRATION
"21,631",2/27/2025,"PEORIA, IL",Termination via Mass Mod,669873,55823,OFFICE OF U.S. ATTORNEYS
"10,020",2/27/2025,"TOPEKA, KS",Termination via Mass Mod,230522,153681,RURAL HOUSING SERVICE
"2,184",2/27/2025,"LOUISVILLE, KY",Termination via Mass Mod,38239,111530,OFFICE OF THE SECRETARY
"2,463",2/27/2025,"LOUISVILLE, KY",Termination via Mass Mod,51674,189470,DEPARTMENTAL MANAGEMENT (IG)
"1,029",2/27/2025,"OPELOUSAS, LA",Termination via Mass Mod,25015,22931,INDIAN HEALTH SERVICE-NASHVILLE
"4,903",2/27/2025,"ANDOVER, MA",Termination via Mass Mod,140716,82084,OCCUPATIONAL SAFETY AND HEALTH ADMINISTRATION
599,2/27/2025,"SPRINGFIELD, MA",Termination via Mass Mod,9995,38315,"EMPLOYMENT STANDARDS ADMINISTRATION, WAGE AND HOUR DIVI"
"4,852",2/27/2025,"UXBRIDGE, MA",Termination via Mass Mod,101811,415728,ANIMAL AND PLANT HEALTH INSPECTION SERVICE
"5,300",2/27/2025,"ANNAPOLIS, MD",Termination via Mass Mod,158978,66241,FARM SERVICE AGENCY- STATE
"22,417",2/27/2025,"BANGOR, ME",Termination via Mass Mod,560526,467105,RURAL HOUSING SERVICE
"2,145",2/27/2025,"GRAND RAPIDS, MI",Termination via Mass Mod,51742,202657,DEPARTMENTAL MANAGEMENT (IG)
856,2/27/2025,"DETROIT, MI",Termination via Mass Mod,17120,72760,AGRICULTURAL MARKETING SERVICE
"1,100",2/27/2025,"SAULT STE MARIE, MI",Termination via Mass Mod,34375,85937,INDIAN HEALTH SERVICE-BEMIDJI
"3,499",2/27/2025,"MINNEAPOLIS, MN",Termination via Mass Mod,99407,49704,"EMPLOYMENT STANDARDS ADMINISTRATION, WAGE AND HOUR DIVI"
"4,256",2/27/2025,"MINNEAPOLIS, MN",Termination via Mass Mod,136192,68096,"EMPLOY. STANDARDS ADMIN., OFC OF CONTRACT COMPLIANCE PR"
"52,257",2/27/2025,"COLUMBIA, MO",Termination via Mass Mod,813748,2305620,NATURAL RESOURCES CONSERVATION SERVICE
"11,465",2/27/2025,"KANSAS CITY, MO",Termination via Mass Mod,267450,757776,OFFICE OF THE SECRETARY
"1,995",2/27/2025,"KANSAS CITY, MO",Termination via Mass Mod,41260,85957,INTERNATIONAL TRADE ADMINISTRATION
"9,549",2/27/2025,"KANSAS CITY, MO",Termination via Mass Mod,203156,406311,SMALL BUSINESS ADMINISTRATION
"8,310",2/27/2025,"MISSOULA, MT",Termination via Mass Mod,275892,574775,NATURAL RESOURCES CONSERVATION SERVICE
"2,154",2/27/2025,"CHARLOTTE, NC",Termination via Mass Mod,67647,146568,ENVIRONMENTAL PROTECTION AGENCY
"28,954",2/27/2025,"BISMARCK, ND",Termination via Mass Mod,546859,1321575,ANIMAL AND PLANT HEALTH INSPECTION SERVICE
"5,756",2/27/2025,"OMAHA, NE",Termination via Mass Mod,135578,33895,SMALL BUSINESS ADMINISTRATION
"28,930",2/27/2025,"ROBBINSVILLE, NJ",Termination via Mass Mod,488641,1750964,FOOD AND NUTRITION SERVICE (FNS)
"7,111",2/27/2025,"MT LAUREL, NJ",Termination via Mass Mod,145162,387099,RURAL HOUSING SERVICE
"3,420",2/27/2025,"LAWRENCEVILLE, NJ",Termination via Mass Mod,87934,293113,"EMPLOYMENT STANDARDS ADMINISTRATION, WAGE AND HOUR DIVI"
"29,554",2/27/2025,"SILVER CITY, NM",Termination via Mass Mod,544570,1860615,FOREST SERVICE
"5,635",2/27/2025,"ROSWELL, NM",Termination via Mass Mod,88639,760814,FARM SERVICE AGENCY - COUNTY
"2,071",2/27/2025,"WHITE PLAINS, NY",Termination via Mass Mod,67169,201506,INTERNATIONAL TRADE ADMINISTRATION
"4,046",2/27/2025,"GENEVA, NY",Termination via Mass Mod,52194,113087,MINE SAFETY HEALTH ADMINISTRATION
"2,247",2/27/2025,"CINCINNATI, OH",Termination via Mass Mod,49014,32676,SMALL BUSINESS ADMINISTRATION
"8,275",2/27/2025,"ST. CLAIRSVILLE, OH",Termination via Mass Mod,174983,437458,MINE SAFETY HEALTH ADMINISTRATION
"2,287",2/27/2025,"CLEVELAND, OH",Termination via Mass Mod,70988,230711,DEPARTMENTAL MANAGEMENT (IG)
"6,721",2/27/2025,"COLUMBUS, OH",Termination via Mass Mod,113115,490164,SMALL BUSINESS ADMINISTRATION
"1,182",2/27/2025,"OKLAHOMA CITY, OK",Termination via Mass Mod,22990,95791,INTERNATIONAL TRADE ADMINISTRATION
"18,743",2/27/2025,"NORMAN, OK",Termination via Mass Mod,484325,4157122,NATIONAL OCEANIC ATMOSPHERIC ADMINISTRATION
"5,125",2/27/2025,"FRACKVILLE, PA",Termination via Mass Mod,132547,55228,MINE SAFETY HEALTH ADMINISTRATION
"4,962",2/27/2025,"PHILADELPHIA, PA",Termination via Mass Mod,146265,121888,BUREAU OF PRISONS
"3,173",2/27/2025,"KING OF PRUSSIA, PA",Termination via Mass Mod,58265,135952,OFFICE OF THE INSPECTOR GENERAL
"8,233",2/27/2025,"WAYNESBURG, PA",Termination via Mass Mod,168726,478057,MINE SAFETY HEALTH ADMINISTRATION
"3,109",2/27/2025,"KING OF PRUSSIA, PA",Termination via Mass Mod,69908,221375,OFFICE OF INSPECTOR GENERAL
"12,964",2/27/2025,"MOUNT PLEASANT, PA",Termination via Mass Mod,235826,786086,MINE SAFETY HEALTH ADMINISTRATION
"3,218",2/27/2025,"PONCE, PR",Termination via Mass Mod,133788,468257,FARM SERVICE AGENCY - COUNTY
"2,700",2/27/2025,"LARES, PR",Termination via Mass Mod,80561,302105,FARM SERVICE AGENCY - COUNTY
"22,391",2/27/2025,"GUAYNABO, PR",Termination via Mass Mod,1123290,1404113,ENVIRONMENTAL PROTECTION AGENCY
674,2/27/2025,"NARRAGANSETT PIER, RI",Termination via Mass Mod,23937,197484,NATIONAL OCEANIC ATMOSPHERIC ADMINISTRATION
"1,556",2/27/2025,"EAST PROVIDENCE, RI",Termination via Mass Mod,38867,126316,FEDERAL MOTOR CARRIER SAFETY ADMINISTRATION
"3,098",2/27/2025,"RAPID CITY, SD",Termination via Mass Mod,56072,168215,MINE SAFETY HEALTH ADMINISTRATION
"3,398",2/27/2025,"MEMPHIS, TN",Termination via Mass Mod,81736,354188,NATIONAL APPEALS DIVISION
"6,017",2/27/2025,"GALLATIN, TN",Termination via Mass Mod,119016,485983,NATURAL RESOURCES CONSERVATION SERVICE
"2,969",2/27/2025,"KNOXVILLE, TN",Termination via Mass Mod,53176,208273,MINE SAFETY HEALTH ADMINISTRATION
"2,077",2/27/2025,"DALLAS, TX",Termination via Mass Mod,60630,237467,FEDERAL COMMUNICATIONS COMMISSION
"4,153",2/27/2025,"SAN ANTONIO, TX",Termination via Mass Mod,87141,261423,MINE SAFETY HEALTH ADMINISTRATION
"2,675",2/27/2025,"GONZALES, TX",Termination via Mass Mod,57337,200680,FARM SERVICE AGENCY - COUNTY
"2,400",2/27/2025,"LONGVIEW, TX",Termination via Mass Mod,63059,215450,MINE SAFETY HEALTH ADMINISTRATION
"93,641",2/27/2025,"TEMPLE, TX",Termination via Mass Mod,2448956,6938708,NATURAL RESOURCES CONSERVATION SERVICE
"6,234",2/27/2025,"NACOGDOCHES, TX",Termination via Mass Mod,168785,84392,FARM SERVICE AGENCY- STATE
"2,961",2/27/2025,"BOUNTIFUL, UT",Termination via Mass Mod,50160,137940,"CORPS OF ENGINEERS, CIVIL"
"15,519",2/27/2025,"VIRGINIA BEACH, VA",Termination via Mass Mod,377093,1225553,GOVERNMENT ACCOUNTABILITY OFFICE
287,2/27/2025,"BARRE, VT",Termination via Mass Mod,9310,12413,NATIONAL OCEANIC ATMOSPHERIC ADMINISTRATION
"69,409",2/27/2025,"SEATTLE, WA",Termination via Mass Mod,3109753,10884137,CENTERS FOR MEDICARE AND MEDICAID SERVICES
"12,867",2/27/2025,"SEATTLE, WA",Termination via Mass Mod,420795,0,SMALL BUSINESS ADMINISTRATION
842,2/27/2025,"TACOMA, WA",Termination via Mass Mod,21345,39133,"EMPLOYMENT STANDARDS ADMINISTRATION, WAGE AND HOUR DIVI"
"2,477",2/27/2025,"MADISON, WI",Termination via Mass Mod,50150,137912,FEDERAL MOTOR CARRIER SAFETY ADMINISTRATION
"5,364",2/27/2025,"GREEN BAY, WI",Termination via Mass Mod,71009,11835,OFFICE OF U.S. ATTORNEYS
"15,843",2/27/2025,"STEVENS POINT, WI",Termination via Mass Mod,448204,896408,RURAL HOUSING SERVICE
"1,486",2/27/2025,"MADISON, WI",Termination via Mass Mod,37494,143726,DEPARTMENTAL MANAGEMENT (IG)
"2,975",2/27/2025,"MADISON, WI",Termination via Mass Mod,121221,272746,FOOD AND DRUG ADMINISTRATION
"5,020",2/27/2025,"SUMMERSVILLE, WV",Termination via Mass Mod,107456,402961,MINE SAFETY HEALTH ADMINISTRATION
525,2/27/2025,"MARTINSBURG, WV",Termination via Mass Mod,12066,48262,"EMPLOY. AND TRAIN. ADMIN., BUR. OF APPRENTICESHIP AND T"
"3,122",2/27/2025,"CHARLESTON, WV",Termination via Mass Mod,48913,118206,OFFICE OF THE SECRETARY
875,2/27/2025,"COLORADO SPRINGS, CO",Termination via Mass Mod,29227,7307,"EMPLOYMENT STANDARDS ADMINISTRATION, WAGE AND HOUR DIVI"
"4,031",2/27/2025,"ANCHORAGE, AK",Termination via Mass Mod,174743,87371,SMALL BUSINESS ADMINISTRATION
"6,300",2/27/2025,"SALT LAKE CITY, UT",Termination via Mass Mod,95124,475620,FOOD AND DRUG ADMINISTRATION
"3,451",2/27/2025,"MOUNTAINSIDE, NJ",Termination via Mass Mod,97360,121700,OFFICE OF INSPECTOR GENERAL
"67,600",2/27/2025,"CHICAGO, IL",Termination via Mass Mod,2356195,6479537,"CORPS OF ENGINEERS, CIVIL"
"23,048",2/28/2025,"PHOENIX, AZ",Termination via Mass Mod,726528,908161,EXECUTIVE OFFICE FOR IMMIGRATION REVIEW
"6,936",2/28/2025,"VISALIA, CA",Termination via Mass Mod,208585,365024,INTERNAL REVENUE SERVICE NATIONAL OFFICE
"20,885",2/28/2025,"LOS ANGELES, CA",Termination via Mass Mod,826113,344214,NATIONAL LABOR RELATIONS BOARD
"2,270",2/28/2025,"COVINA, CA",Termination via Mass Mod,79283,284097,RAILROAD RETIREMENT BOARD
"8,673",2/28/2025,"MODESTO, CA",Termination via Mass Mod,234073,975306,INTERNAL REVENUE SERVICE NATIONAL OFFICE
"33,490",2/28/2025,"WASHINGTON, DC",Termination via Mass Mod,1712141,1712141,FEDERAL LABOR RELATIONS AUTHORITY
"12,941",2/28/2025,"SARASOTA, FL",Termination via Mass Mod,369202,30767,INTERNAL REVENUE SERVICE NATIONAL OFFICE
"5,139",2/28/2025,"HAINES CITY, FL",Termination via Mass Mod,102400,76800,ANIMAL AND PLANT HEALTH INSPECTION SERVICE
"4,862",2/28/2025,"NAPLES, FL",Termination via Mass Mod,115035,230070,NATIONAL PARK SERVICE
"3,618",2/28/2025,"ALBANY, OR",Termination via Mass Mod,128123,117446,MINE SAFETY HEALTH ADMINISTRATION
"11,180",2/28/2025,"DAVIS, CA",Termination via Mass Mod,508914,1908426,"CORPS OF ENGINEERS, CIVIL"
"7,306",2/28/2025,"BAKERSFIELD, CA",Termination via Mass Mod,145158,362895,FARM SERVICE AGENCY - COUNTY
"57,903",2/28/2025,"LOS ANGELES, CA",Termination via Mass Mod,2464948,9654380,SECURITIES AND EXCHANGE COMMISSION
"4,294",2/28/2025,"SAN BERNARDINO, CA",Termination via Mass Mod,113479,122935,MINE SAFETY HEALTH ADMINISTRATION
980,2/28/2025,"BLYTHE, CA",Termination via Mass Mod,27758,0,NATURAL RESOURCES CONSERVATION SERVICE
"3,680",2/28/2025,"CERRITOS, CA",Termination via Mass Mod,142637,463570,FEDERAL COMMUNICATIONS COMMISSION
536,2/28/2025,"MOUNT SHASTA, CA",Termination via Mass Mod,12000,52000,FOREST SERVICE
"1,848",2/28/2025,"UKIAH, CA",Termination via Mass Mod,45857,191072,INDIAN HEALTH SERVICE-CALIFORNIA
823,2/28/2025,"EUREKA, CA",Termination via Mass Mod,19793,65977,NATIONAL OCEANIC ATMOSPHERIC ADMINISTRATION
"2,128",2/28/2025,"SPRINGFIELD, IL",Termination via Mass Mod,42058,147203,"EMPLOYMENT STANDARDS ADMINISTRATION, WAGE AND HOUR DIVI"
"2,889",2/28/2025,"LITCHFIELD, IL",Termination via Mass Mod,58193,43645,MINE SAFETY HEALTH ADMINISTRATION
"1,520",2/28/2025,"LISLE, IL",Termination via Mass Mod,41586,48517,"FED ACQUISITION SRVC, REG 05 FLEET MGMT FACILITIES"
"2,622",2/28/2025,"HIBBING, MN",Termination via Mass Mod,49581,99163,MINE SAFETY HEALTH ADMINISTRATION
"14,736",2/28/2025,"NEWARK, NJ",Termination via Mass Mod,633783,2112611,FOOD AND DRUG ADMINISTRATION
"1,768",2/28/2025,"WALL TOWNSHIP, NJ",Termination via Mass Mod,51262,179417,NATIONAL OCEANIC ATMOSPHERIC ADMINISTRATION
"4,160",2/28/2025,"EDISON, NJ",Termination via Mass Mod,129100,355026,DEPARTMENTAL MANAGEMENT (IG)
"4,968",2/28/2025,"AVENEL, NJ",Termination via Mass Mod,119803,299507,OCCUPATIONAL SAFETY AND HEALTH ADMINISTRATION
"13,922",2/28/2025,"NEWARK, NJ",Termination via Mass Mod,493139,123285,UNITED STATES TRUSTEES
"3,780",2/28/2025,"PRINCETON, NJ",Termination via Mass Mod,111100,472173,FEDERAL MOTOR CARRIER SAFETY ADMINISTRATION
"4,454",2/28/2025,"ALBANY, NY",Termination via Mass Mod,97789,220025,MINE SAFETY HEALTH ADMINISTRATION
"33,548",2/28/2025,"SYRACUSE, NY",Termination via Mass Mod,543571,498273,NATURAL RESOURCES CONSERVATION SERVICE
"5,109",2/28/2025,"BUFFALO, NY",Termination via Mass Mod,115600,491299,UNITED STATES TRUSTEES
"10,651",2/28/2025,"NEW YORK, NY",Termination via Mass Mod,639690,1492610,OFFICE OF INSPECTOR GENERAL
"3,682",2/28/2025,"HEBRON, OH",Termination via Mass Mod,91115,258159,MINE SAFETY HEALTH ADMINISTRATION
"6,609",2/28/2025,"INDEPENDENCE, OH",Termination via Mass Mod,137951,517318,FEDERAL MEDIATION AND CONCILIATION SERVICE
"45,455",2/28/2025,"CLEVELAND, OH",Termination via Mass Mod,1055364,4309403,DEPARTMENT OF HEALTH & HUMAN SERVICES
979,2/28/2025,"RICHLAND, WA",Termination via Mass Mod,19539,53733,"EMPLOY. STANDARDS ADMIN., OFC OF WORKERS' COMP. PRGMS"
"10,516",2/28/2025,"POMEROY, WA",Termination via Mass Mod,181638,1453106,FOREST SERVICE
"1,451",2/28/2025,"RENTON, WA",Termination via Mass Mod,47459,166106,NATURAL RESOURCES CONSERVATION SERVICE
"3,458",2/28/2025,"OLYMPIA, WA",Termination via Mass Mod,75857,866034,ANIMAL AND PLANT HEALTH INSPECTION SERVICE
"6,254",2/28/2025,"MADISON, WI",Termination via Mass Mod,204103,408205,FEDERAL HIGHWAY ADMINISTRATION
"6,757",2/28/2025,"WAUWATOSA, WI",Termination via Mass Mod,187375,499666,FOOD AND DRUG ADMINISTRATION
"1,047",2/28/2025,"MANSFIELD, OH",True Termination- Agency Closed Office,15031,27557,SOCIAL SECURITY ADMINISTRATION
"21,356",2/28/2025,"HOMESTEAD, FL",Termination via Mass Mod,539591,,NATIONAL PARK SERVICE
"19,005",2/28/2025,"LITTLE ROCK, AR",Termination via Mass Mod,351510,,GEOLOGICAL SURVEY
"3,991",2/28/2025,"FLAGSTAFF, AZ",Termination via Mass Mod,163170,,NATIONAL PARK SERVICE
"25,500",2/28/2025,"ARCATA, CA",Termination via Mass Mod,640880,,UNITED STATES FISH AND WILDLIFE SERVICE
"44,747",2/28/2025,"GRAND JUNCTION, CO",Termination via Mass Mod,1214783,,GEOLOGICAL SURVEY
"1,250",2/28/2025,"LITTLETON, CO",Termination via Mass Mod,20859,,UNITED STATES FISH AND WILDLIFE SERVICE
"8,900",2/28/2025,"DURANGO, CO",Termination via Mass Mod,246856,,BUREAU OF RECLAMATION
"8,219",2/28/2025,"GOLDEN, CO",Termination via Mass Mod,191353,,GEOLOGICAL SURVEY
"24,647",2/28/2025,"HARTFORD, CT",Termination via Mass Mod,671727,,OFFICE OF THE SECRETARY
"10,731",2/28/2025,"HILO, HI",Termination via Mass Mod,536041,,GEOLOGICAL SURVEY
"2,616",2/28/2025,"INDIANOLA, IA",Termination via Mass Mod,32003,,UNITED STATES FISH AND WILDLIFE SERVICE
"2,203",2/28/2025,"SALINA, KS",Termination via Mass Mod,47489,,INTERNAL REVENUE SERVICE NATIONAL OFFICE
"1,365",2/28/2025,"DERBY, KS",Termination via Mass Mod,19776,,UNITED STATES FISH AND WILDLIFE SERVICE
"5,506",2/28/2025,"WORCESTER, MA",Termination via Mass Mod,165787,,UNITED STATES TRUSTEES
"7,853",2/28/2025,"BOZEMAN, MT",Termination via Mass Mod,241265,,UNITED STATES FISH AND WILDLIFE SERVICE
833,2/28/2025,"MINOT, ND",Termination via Mass Mod,18305,,UNITED STATES FISH AND WILDLIFE SERVICE
"6,234",2/28/2025,"VALENTINE, NE",Termination via Mass Mod,151670,,NATIONAL PARK SERVICE
"7,648",2/28/2025,"MOUNTAINAIR, NM",Termination via Mass Mod,170425,,NATIONAL PARK SERVICE
"10,335",2/28/2025,"PAWHUSKA, OK",Termination via Mass Mod,166134,,BUREAU OF INDIAN AFFAIRS
"9,048",2/28/2025,"YANKTON, SD",Termination via Mass Mod,175268,,NATIONAL PARK SERVICE
"2,252",2/28/2025,"RAPID CITY, SD",Termination via Mass Mod,53198,,OFFICE OF HEARING AND APPEALS
"1,518",2/28/2025,"RAPID CITY, SD",Termination via Mass Mod,43938,,NATIONAL INDIAN GAMING COMMISSION
"8,482",2/28/2025,"WEST VALLEY CITY, UT",Termination via Mass Mod,116431,,UNITED STATES FISH AND WILDLIFE SERVICE
"4,750",2/28/2025,"MOAB, UT",Termination via Mass Mod,134100,,GEOLOGICAL SURVEY
"17,107",2/28/2025,"TOPPENISH, WA",Termination via Mass Mod,533985,,BUREAU OF INDIAN AFFAIRS
"3,882",2/28/2025,"SALT LAKE CITY, UT",Termination via Mass Mod,170250,,"EMPLOYMENT STANDARDS ADMINISTRATION, WAGE AND HOUR DIVI"
"14,805",2/28/2025,"ANCHORAGE, AK",Termination via Mass Mod,664745,,OFFICE OF THE SECRETARY
"5,300",2/28/2025,"FORT PAYNE, AL",Termination via Mass Mod,78171,,NATIONAL PARK SERVICE
"24,167",2/28/2025,"LONG BEACH, CA",Termination via Mass Mod,952904,,FOOD AND DRUG ADMINISTRATION
"6,374",2/28/2025,"SAN DIEGO, CA",Termination via Mass Mod,454339,,FOOD AND DRUG ADMINISTRATION
"65,720",2/28/2025,"FORT COLLINS, CO",Termination via Mass Mod,1453814,,NATIONAL PARK SERVICE
"3,802",2/28/2025,"TALLAHASSEE, FL",Termination via Mass Mod,142115,,GEOLOGICAL SURVEY
"25,422",2/28/2025,"ATLANTA, GA",Termination via Mass Mod,665692,,OFFICE OF THE SECRETARY
"17,029",2/28/2025,"VINCENNES, IN",Termination via Mass Mod,405844,,MINE SAFETY HEALTH ADMINISTRATION
"3,938",2/28/2025,"LOUISVILLE, KY",Termination via Mass Mod,101765,,FOOD AND DRUG ADMINISTRATION
"1,812",2/28/2025,"BALTIMORE, MD",Termination via Mass Mod,42993,,UNITED STATES FISH AND WILDLIFE SERVICE
"3,500",2/28/2025,"LINTHICUM HEIGHTS, MD",Termination via Mass Mod,72601,,OCCUPATIONAL SAFETY AND HEALTH ADMINISTRATION
"1,200",2/28/2025,"BARAGA, MI",Termination via Mass Mod,14400,,BUREAU OF INDIAN AFFAIRS
"9,834",2/28/2025,"ST. PAUL, MN",Termination via Mass Mod,210810,,NATIONAL PARK SERVICE
"4,246",2/28/2025,"ST. PAUL, MN",Termination via Mass Mod,114723,,FEDERAL HIGHWAY ADMINISTRATION
"15,605",2/28/2025,"BOZEMAN, MT",Termination via Mass Mod,369838,,GEOLOGICAL SURVEY
"1,875",2/28/2025,"OMAHA, NE",Termination via Mass Mod,34357,,FOOD AND DRUG ADMINISTRATION
"5,847",2/28/2025,"SANTA FE, NM",Termination via Mass Mod,150950,,FEDERAL HIGHWAY ADMINISTRATION
"1,428",2/28/2025,"CINCINNATI, OH",Termination via Mass Mod,31416,,RAILROAD RETIREMENT BOARD
"5,722",2/28/2025,"CLEVELAND, OH",Termination via Mass Mod,144079,,SMALL BUSINESS ADMINISTRATION
"5,682",2/28/2025,"TULSA, OK",Termination via Mass Mod,109426,,DEPARTMENT OF HOUSING AND URBAN DEVELOPMENT
465,2/28/2025,"NORTH CHARLESTON, SC",Termination via Mass Mod,13725,,SMALL BUSINESS ADMINISTRATION
"1,217",2/28/2025,"SIOUX FALLS, SD",Termination via Mass Mod,28749,,DEPARTMENTAL MANAGEMENT (IG)
"5,835",2/28/2025,"FORT WORTH, TX",Termination via Mass Mod,157720,,FEDERAL RAILROAD ADMINISTRATION
"7,201",2/28/2025,"HOUSTON, TX",Termination via Mass Mod,185878,,OCCUPATIONAL SAFETY AND HEALTH ADMINISTRATION
"6,418",2/28/2025,"GRAND PRAIRIE, TX",Termination via Mass Mod,152938,,OFFICE OF INSPECTOR GENERAL
"19,277",2/28/2025,"RICHMOND, VA",Termination via Mass Mod,342341,,GEOLOGICAL SURVEY
"10,226",2/28/2025,"MILWAUKEE, WI",Termination via Mass Mod,258805,,NATIONAL LABOR RELATIONS BOARD
"1,692",2/28/2025,"CHARLESTON, WV",Termination via Mass Mod,51245,,FEDERAL MOTOR CARRIER SAFETY ADMINISTRATION
"10,875",2/28/2025,"CHARLESTON, WV",Termination via Mass Mod,222716,,GEOLOGICAL SURVEY
"4,651",2/28/2025,"CHICAGO, IL",Termination via Mass Mod,142746,,FEDERAL LABOR RELATIONS AUTHORITY
"2,307",2/28/2025,"JACKSONVILLE, FL",Termination via Mass Mod,55492,,RAILROAD RETIREMENT BOARD
